run_opt_test0;2305415;56000
run_opt_test0;2300000;56000
run_opt_test0;2300000;56000
run_opt_test0;2300000;56000
run_opt_test0;2300000;56000
run_opt_test0;2300000;56000
run_opt_test0;2300000;56000
run_opt_test0;2300000;56000
run_opt_test0;2300000;56000
run_opt_test0;2300000;54000
run_opt_test0;2299976;54000
run_opt_test0;2300000;54000
run_opt_test0;2300000;54000
run_opt_test0;2300000;54000
run_opt_test0;2300000;54000
run_opt_test0;2300000;54000
run_opt_test0;2299976;54000
run_opt_test0;2300000;54000
run_opt_test0;2300000;56000
run_opt_test0;2299976;56000
run_opt_test0;2300000;56000
run_opt_test0;2300000;56000
run_opt_test0;2300023;56000
run_opt_test0;2300000;56000
run_opt_test0;2300000;56000
run_opt_test0;2300000;56000
run_opt_test0;2300000;56000
run_opt_test0;2300023;56000
run_opt_test0;2300000;56000
run_opt_test0;2300000;56000
run_opt_test0;2300000;56000
run_opt_test0;2300000;56000
run_opt_test0;2300000;56000
run_opt_test0;2300000;56000
run_opt_test0;2300000;56000
run_opt_test0;2300039;56000
run_opt_test0;2305600;56000
run_opt_test0;2300000;56000
run_opt_test0;2300000;56000
run_opt_test0;2300000;56000
run_opt_test0;2300000;56000
run_opt_test0;2299976;56000
run_opt_test0;2300000;56000
run_opt_test0;2300023;56000
run_opt_test0;2300000;56000
run_opt_test0;2300184;56000
run_opt_test0;2299976;56000
run_opt_test0;2299976;56000
run_opt_test0;2300000;56000
run_opt_test0;2300000;56000
run_opt_test0;2300000;56000
run_opt_test0;2300000;56000
run_opt_test0;2300000;56000
run_opt_test0;2300000;56000
run_opt_test0;2300000;56000
run_opt_test0;2300000;56000
run_opt_test0;2300000;56000
run_opt_test0;2300000;56000
run_opt_test0;2300023;56000
run_opt_test0;2300000;56000
run_opt_test0;2300000;56000
run_opt_test0;2300000;56000
run_opt_test0;2300000;56000
run_opt_test0;2300000;56000
run_opt_test0;2300000;56000
run_opt_test0;2299976;56000
run_opt_test0;2300000;56000
run_opt_test0;2300000;56000
run_opt_test0;2299976;56000
run_opt_test0;2300000;56000
run_opt_test0;2299976;56000
run_opt_test0;2300023;56000
run_opt_test0;2300000;56000
run_opt_test0;2300000;56000
run_opt_test0;2299976;56000
run_opt_test0;2300000;56000
run_opt_test0;2300000;56000
run_opt_test0;2300000;56000
run_opt_test0;2300000;56000
run_opt_test0;2300000;56000
run_opt_test0;2300000;56000
run_opt_test0;2300000;56000
run_opt_test0;2299976;56000
run_opt_test0;2300023;56000
run_opt_test0;2300000;56000
run_opt_test0;2300000;56000
run_opt_test0;2300000;56000
run_opt_test0;2300000;56000
run_opt_test0;2300000;56000
run_opt_test0;2300000;56000
run_opt_test0;2300000;56000
run_opt_test0;2300000;56000
run_opt_test0;2300000;56000
run_opt_test0;2299976;56000
run_opt_test0;2300000;56000
run_opt_test0;2300000;56000
run_opt_test0;2300000;56000
run_opt_test0;2300000;56000
run_opt_test0;2299976;56000
run_opt_test0;2300000;56000
run_opt_test0;2300000;56000
run_opt_test0;2300000;56000
run_opt_test0;2300000;56000
run_opt_test0;2300000;56000
run_opt_test0;2300000;56000
run_opt_test0;2299976;56000
run_opt_test0;2300000;56000
run_opt_test0;2300023;56000
run_opt_test0;2300000;56000
run_opt_test0;2300023;56000
run_opt_test0;2300023;56000
run_opt_test0;2300000;56000
run_opt_test0;2300000;56000
run_opt_test0;2300000;56000
run_opt_test0;2300000;56000
run_opt_test0;2300000;56000
run_opt_test0;2300023;56000
run_opt_test0;2300023;56000
run_opt_test0;2300000;56000
run_opt_test0;2300000;56000
run_opt_test0;2300000;56000
run_opt_test0;2300000;56000
run_opt_test0;2300000;56000
run_opt_test0;2300000;56000
run_opt_test0;2300000;56000
run_opt_test0;2300023;56000
run_opt_test0;2300000;56000
run_opt_test0;2299976;56000
run_opt_test0;2300000;56000
run_opt_test0;2300000;56000
run_opt_test0;2300023;56000
run_opt_test0;2300000;56000
run_opt_test0;2299976;56000
run_opt_test0;2300000;56000
run_opt_test0;2300000;56000
run_opt_test0;2300000;56000
run_opt_test0;2300000;56000
run_opt_test0;2300000;56000
run_opt_test0;2300023;56000
run_opt_test0;2300023;56000
run_opt_test0;2300000;56000
run_opt_test0;2300000;56000
run_opt_test0;2299976;56000
run_opt_test0;2300000;56000
run_opt_test0;2300000;56000
run_opt_test0;2300023;56000
run_opt_test0;2300000;56000
run_opt_test0;2300000;56000
run_opt_test0;2300000;56000
run_opt_test0;2299976;56000
run_opt_test0;2300000;56000
run_opt_test0;2300000;56000
run_opt_test0;2300000;56000
run_opt_test0;2300000;56000
run_opt_test0;2300000;56000
run_opt_test0;2300000;56000
run_opt_test0;2300000;56000
run_opt_test0;2300000;56000
run_opt_test0;2300000;56000
run_opt_test0;2300000;56000
run_opt_test0;2300023;56000
run_opt_test0;2299976;56000
run_opt_test0;2299976;56000
run_opt_test0;2300000;56000
run_opt_test0;2300000;56000
run_opt_test0;2300000;56000
run_opt_test0;2300000;56000
run_opt_test0;2299976;56000
run_opt_test0;2300000;56000
run_opt_test0;2300023;56000
run_opt_test0;2300000;56000
run_opt_test0;2300000;56000
run_opt_test0;2299976;56000
run_opt_test0;2300000;56000
run_opt_test0;2300000;56000
run_opt_test0;2299976;56000
run_opt_test0;2300000;56000
run_opt_test0;2299976;56000
run_opt_test0;2300000;56000
run_opt_test0;2300000;56000
run_opt_test0;2300000;56000
run_opt_test0;2300000;56000
run_opt_test0;2300000;56000
run_opt_test0;2300023;56000
run_opt_test0;2300023;56000
run_opt_test0;2299976;56000
run_opt_test0;2299976;56000
run_opt_test0;2300023;56000
run_opt_test0;2300000;56000
run_opt_test0;2300000;56000
run_opt_test0;2300000;56000
run_opt_test0;2300000;56000
run_opt_test0;2299976;56000
run_opt_test0;2300000;56000
run_opt_test0;2299976;56000
run_opt_test0;2299976;56000
run_opt_test0;2300000;56000
run_opt_test0;2299976;56000
run_opt_test0;2300000;56000
run_opt_test0;2300000;56000
run_opt_test0;2300000;56000
run_opt_test0;2300000;56000
run_opt_test0;2300000;56000
run_opt_test0;2300000;56000
run_opt_test0;2300000;56000
run_opt_test0;2300000;56000
run_opt_test0;2300000;56000
run_opt_test0;2300000;56000
run_opt_test0;2300000;56000
run_opt_test0;2300000;56000
run_opt_test0;2300023;56000
run_opt_test0;2300000;56000
run_opt_test0;2300000;56000
run_opt_test0;2300000;56000
run_opt_test0;2300023;56000
run_opt_test0;2300000;56000
run_opt_test0;2300000;56000
run_opt_test0;2300000;56000
run_opt_test0;2300000;56000
run_opt_test0;2300000;56000
run_opt_test0;2300000;56000
run_opt_test0;2300000;56000
run_opt_test0;2299976;56000
run_opt_test0;2300000;56000
run_opt_test0;2300000;56000
run_opt_test0;2300000;56000
run_opt_test0;2300000;56000
run_opt_test0;2300000;56000
run_opt_test0;2300000;56000
run_opt_test0;2300000;56000
run_opt_test0;2300000;56000
run_opt_test0;2300000;56000
run_opt_test0;2300000;56000
run_opt_test0;2300000;56000
run_opt_test0;2300023;56000
run_opt_test0;2300000;56000
run_opt_test0;2300000;56000
run_opt_test0;2300000;56000
run_opt_test0;2300023;56000
run_opt_test0;2300000;56000
run_opt_test0;2300000;56000
run_opt_test0;2300000;56000
run_opt_test0;2300000;56000
run_opt_test0;2300000;56000
run_opt_test0;2300000;56000
run_opt_test0;2300000;56000
run_opt_test0;2300000;56000
run_opt_test0;2299976;56000
run_opt_test0;2300000;56000
run_opt_test0;2300000;56000
run_opt_test0;2300000;56000
run_opt_test0;2300000;56000
run_opt_test0;2299976;56000
run_opt_test0;2300000;56000
run_opt_test0;2300000;56000
run_opt_test0;2300000;56000
run_opt_test0;2300000;56000
run_opt_test0;2300000;56000
run_opt_test0;2300000;56000
run_opt_test0;2300000;56000
run_opt_test0;2300000;56000
run_opt_test0;2300023;56000
run_opt_test0;2300000;56000
run_opt_test0;2300000;56000
run_opt_test0;2300000;56000
run_opt_test0;2299815;56000
run_opt_test0;2300000;56000
run_opt_test0;2300023;56000
run_opt_test0;2300023;56000
run_opt_test0;2300000;56000
run_opt_test0;2299976;56000
run_opt_test0;2300000;56000
run_opt_test0;2299976;56000
run_opt_test0;2300000;56000
run_opt_test0;2300000;56000
run_opt_test0;2300023;56000
run_opt_test0;2300000;56000
run_opt_test0;2300000;56000
run_opt_test0;2299976;56000
run_opt_test0;2300000;56000
run_opt_test0;2300000;56000
run_opt_test0;2300000;56000
run_opt_test0;2300000;56000
run_opt_test0;2300000;56000
run_opt_test0;2300000;56000
run_opt_test0;2300023;56000
run_opt_test0;2300000;56000
run_opt_test0;2300000;56000
run_opt_test0;2300023;56000
run_opt_test0;2299976;56000
run_opt_test0;2300000;56000
run_opt_test0;2300000;56000
run_opt_test0;2300000;56000
run_opt_test0;2300000;56000
run_opt_test0;2300023;56000
run_opt_test0;2300000;56000
run_opt_test0;2300023;56000
run_opt_test0;2300000;56000
run_opt_test0;2300023;56000
run_opt_test0;2300023;56000
run_opt_test0;2300000;56000
run_opt_test0;2300000;56000
run_opt_test0;2300000;56000
run_opt_test0;2300000;56000
run_opt_test0;2300000;56000
run_opt_test0;2300000;56000
run_opt_test0;2300000;56000
run_opt_test0;2300000;56000
run_opt_test0;2300000;56000
run_opt_test0;2300023;56000
run_opt_test0;2300023;56000
run_opt_test0;2300023;56000
run_opt_test0;2300000;56000
run_opt_test0;2300023;56000
run_opt_test0;2300000;56000
run_opt_test0;2300000;56000
run_opt_test0;2300000;56000
run_opt_test0;2300000;56000
run_opt_test0;2300000;56000
run_opt_test0;2300023;56000
run_opt_test0;2300000;56000
run_opt_test0;2300023;56000
run_opt_test0;2300000;56000
run_opt_test0;2300000;56000
run_opt_test0;2300000;56000
run_opt_test0;2300000;56000
run_opt_test0;2300023;56000
run_opt_test0;2300023;56000
run_opt_test0;2300000;56000
run_opt_test0;2300000;56000
run_opt_test0;2300000;56000
run_opt_test0;2300000;56000
run_opt_test0;2299976;56000
run_opt_test0;2300000;56000
run_opt_test0;2300000;56000
run_opt_test0;2299976;56000
run_opt_test0;2300000;56000
run_opt_test0;2300000;56000
run_opt_test0;2300000;56000
run_opt_test0;2300000;56000
run_opt_test0;2300000;56000
run_opt_test0;2299976;56000
run_opt_test0;2300000;56000
run_opt_test0;2300000;56000
run_opt_test0;2300000;56000
run_opt_test0;2299976;56000
run_opt_test0;2300000;56000
run_opt_test0;2300023;56000
run_opt_test0;2299976;56000
run_opt_test0;2299976;56000
run_opt_test0;2300000;56000
run_opt_test0;2299976;56000
run_opt_test0;2300000;56000
run_opt_test0;2299976;56000
run_opt_test0;2300000;56000
run_opt_test0;2300000;56000
run_opt_test0;2300000;56000
run_opt_test0;2300000;56000
run_opt_test0;2300000;58000
run_opt_test0;2300000;58000
run_opt_test0;2300000;58000
run_opt_test0;2300023;58000
run_opt_test0;2300023;58000
run_opt_test0;2300000;58000
run_opt_test0;2300000;58000
run_opt_test0;2300000;58000
run_opt_test0;2299976;58000
run_opt_test0;2300023;56000
run_opt_test0;2300000;56000
run_opt_test0;2300000;56000
run_opt_test0;2300000;56000
run_opt_test0;2300000;56000
run_opt_test0;2300000;56000
run_opt_test0;2300000;56000
run_opt_test0;2300000;56000
run_opt_test0;2300023;56000
run_opt_test0;2300000;56000
run_opt_test0;2300023;56000
run_opt_test0;2300000;56000
run_opt_test0;2300000;56000
run_opt_test0;2300000;56000
run_opt_test0;2300000;56000
run_opt_test0;2300023;56000
run_opt_test0;2300023;56000
run_opt_test0;2300000;56000
run_opt_test0;2299976;56000
run_opt_test0;2300000;56000
run_opt_test0;2300000;56000
run_opt_test0;2300000;56000
run_opt_test0;2300023;56000
run_opt_test0;2300000;56000
run_opt_test0;2300000;56000
run_opt_test0;2299976;56000
run_opt_test0;2300000;56000
run_opt_test0;2300000;56000
run_opt_test0;2300000;56000
run_opt_test0;2300000;56000
run_opt_test0;2300000;56000
Process ended
run_opt_test0;2300000;60000
run_opt_test0;2300000;60000
run_opt_test0;2341288;60000
run_opt_test0;2399962;60000
run_opt_test0;2300000;60000
run_opt_test0;2300000;60000
run_opt_test0;2300000;60000
run_opt_test0;2300000;60000
run_opt_test0;2299976;60000
run_opt_test0;2300000;56000
run_opt_test0;2300000;56000
run_opt_test0;2300023;56000
run_opt_test0;2300000;56000
run_opt_test0;2300000;56000
run_opt_test0;2300000;56000
run_opt_test0;2300000;56000
run_opt_test0;2300000;56000
run_opt_test0;2300000;56000
run_opt_test0;2300000;56000
run_opt_test0;2300023;56000
run_opt_test0;2300000;56000
run_opt_test0;2300000;56000
run_opt_test0;2300000;56000
run_opt_test0;2299976;56000
run_opt_test0;2300000;56000
run_opt_test0;2300000;56000
run_opt_test0;2299976;56000
run_opt_test0;2300000;56000
run_opt_test0;2300000;56000
run_opt_test0;2300000;56000
run_opt_test0;2300000;56000
run_opt_test0;2299976;56000
run_opt_test0;2299976;56000
run_opt_test0;2300000;56000
run_opt_test0;2300000;56000
run_opt_test0;2300000;56000
run_opt_test0;2300000;56000
run_opt_test0;2300000;56000
run_opt_test0;2300000;56000
run_opt_test0;2300000;56000
run_opt_test0;2300000;56000
run_opt_test0;2300000;56000
run_opt_test0;2300000;56000
run_opt_test0;2300000;56000
run_opt_test0;2300000;56000
run_opt_test0;2300023;56000
run_opt_test0;2300023;56000
run_opt_test0;2300000;56000
run_opt_test0;2300023;56000
run_opt_test0;2300000;56000
run_opt_test0;2300000;56000
run_opt_test0;2300000;56000
run_opt_test0;2300000;56000
run_opt_test0;2300000;56000
run_opt_test0;2300046;58000
run_opt_test0;2300000;58000
run_opt_test0;2300000;58000
run_opt_test0;2300000;58000
run_opt_test0;2300023;58000
run_opt_test0;2300000;58000
run_opt_test0;2300000;58000
run_opt_test0;2300000;58000
run_opt_test0;2300000;58000
run_opt_test0;2300000;56000
run_opt_test0;2299976;56000
run_opt_test0;2300000;56000
run_opt_test0;2300000;56000
run_opt_test0;2300000;56000
run_opt_test0;2300023;56000
run_opt_test0;2299976;56000
run_opt_test0;2300000;56000
run_opt_test0;2300000;56000
run_opt_test0;2300000;58000
run_opt_test0;2300000;58000
run_opt_test0;2300023;58000
run_opt_test0;2299976;58000
run_opt_test0;2300000;58000
run_opt_test0;2300000;58000
run_opt_test0;2300000;58000
run_opt_test0;2300000;58000
run_opt_test0;2300000;58000
run_opt_test0;2300000;56000
run_opt_test0;2300000;56000
run_opt_test0;2300000;56000
run_opt_test0;2299976;56000
run_opt_test0;2300000;56000
run_opt_test0;2300000;56000
run_opt_test0;2300000;56000
run_opt_test0;2300000;56000
run_opt_test0;2300000;56000
run_opt_test0;2300000;58000
run_opt_test0;2300000;58000
run_opt_test0;2300023;58000
run_opt_test0;2300000;58000
run_opt_test0;2300023;58000
run_opt_test0;2300000;58000
run_opt_test0;2700000;58000
run_opt_test0;2700000;58000
run_opt_test0;2300038;58000
run_opt_test0;2300000;60000
run_opt_test0;2300000;60000
run_opt_test0;2300023;60000
run_opt_test0;2300000;60000
run_opt_test0;2600000;60000
run_opt_test0;2500000;60000
run_opt_test0;2499974;60000
run_opt_test0;2363769;60000
run_opt_test0;2300000;60000
run_opt_test0;2300000;58000
run_opt_test0;2300040;58000
run_opt_test0;2300000;58000
run_opt_test0;2300000;58000
run_opt_test0;2299976;58000
run_opt_test0;2300000;58000
run_opt_test0;2300000;58000
run_opt_test0;2300000;58000
run_opt_test0;2300000;58000
run_opt_test0;2300023;58000
run_opt_test0;2300000;58000
run_opt_test0;2300000;58000
run_opt_test0;2300000;58000
run_opt_test0;2300000;58000
run_opt_test0;2300000;58000
run_opt_test0;2300000;58000
run_opt_test0;2300023;58000
run_opt_test0;2300000;58000
run_opt_test0;2300000;58000
run_opt_test0;2300000;58000
run_opt_test0;2300023;58000
run_opt_test0;2300000;58000
run_opt_test0;2300000;58000
run_opt_test0;2300000;58000
run_opt_test0;2300000;58000
run_opt_test0;2300000;58000
run_opt_test0;2300000;58000
run_opt_test0;2300000;58000
run_opt_test0;2300000;58000
run_opt_test0;2300000;58000
run_opt_test0;2300000;58000
run_opt_test0;2299976;58000
run_opt_test0;2300000;58000
run_opt_test0;2299976;58000
run_opt_test0;2300000;58000
run_opt_test0;2300023;58000
run_opt_test0;2300000;58000
run_opt_test0;2300023;58000
run_opt_test0;2300000;58000
run_opt_test0;2299976;58000
run_opt_test0;2300023;58000
run_opt_test0;2300000;58000
run_opt_test0;2300000;58000
run_opt_test0;2300023;58000
run_opt_test0;2300023;58000
run_opt_test0;2299976;58000
run_opt_test0;2300000;58000
run_opt_test0;2300000;58000
run_opt_test0;2300000;58000
run_opt_test0;2300000;58000
run_opt_test0;2300000;58000
run_opt_test0;2300000;58000
run_opt_test0;2300000;56000
run_opt_test0;2300000;56000
run_opt_test0;2300023;56000
run_opt_test0;2299976;56000
run_opt_test0;2300000;56000
run_opt_test0;2300000;56000
run_opt_test0;2299976;56000
run_opt_test0;2300023;56000
run_opt_test0;2300023;56000
run_opt_test0;2300000;56000
run_opt_test0;2300000;56000
run_opt_test0;2299976;56000
run_opt_test0;2300000;56000
run_opt_test0;2299976;56000
run_opt_test0;2300000;56000
run_opt_test0;2300000;56000
run_opt_test0;2300000;56000
run_opt_test0;2300000;56000
run_opt_test0;2300000;56000
run_opt_test0;2300023;56000
run_opt_test0;2300000;56000
run_opt_test0;2300000;56000
run_opt_test0;2300023;56000
run_opt_test0;2300023;56000
run_opt_test0;2300023;56000
run_opt_test0;2300000;56000
run_opt_test0;2300000;56000
run_opt_test0;2300000;58000
run_opt_test0;2300000;58000
run_opt_test0;2299976;58000
run_opt_test0;2300000;58000
run_opt_test0;2299976;58000
run_opt_test0;2300000;58000
run_opt_test0;2300000;58000
run_opt_test0;2300023;58000
run_opt_test0;2299976;58000
run_opt_test0;2300000;58000
run_opt_test0;2300000;58000
run_opt_test0;2300023;58000
run_opt_test0;2299976;58000
run_opt_test0;2299976;58000
run_opt_test0;2300000;58000
run_opt_test0;2300000;58000
run_opt_test0;2300000;58000
run_opt_test0;2300000;58000
run_opt_test0;2300000;58000
run_opt_test0;2300000;58000
run_opt_test0;2300000;58000
run_opt_test0;2300000;58000
run_opt_test0;2300000;58000
run_opt_test0;2300023;58000
run_opt_test0;2300000;58000
run_opt_test0;2300000;58000
run_opt_test0;2300000;58000
run_opt_test0;2299976;58000
run_opt_test0;2299976;58000
run_opt_test0;2300000;58000
run_opt_test0;2300000;58000
run_opt_test0;2300000;58000
run_opt_test0;2300023;58000
run_opt_test0;2300000;58000
run_opt_test0;2300000;58000
run_opt_test0;2300023;58000
run_opt_test0;2300023;58000
run_opt_test0;2299976;58000
run_opt_test0;2299976;58000
run_opt_test0;2300000;58000
run_opt_test0;2300000;58000
run_opt_test0;2300000;58000
run_opt_test0;2300000;58000
run_opt_test0;2300000;58000
run_opt_test0;2300000;58000
run_opt_test0;2300000;58000
run_opt_test0;2300000;58000
run_opt_test0;2300000;58000
run_opt_test0;2300000;58000
run_opt_test0;2300000;58000
run_opt_test0;2299976;58000
run_opt_test0;2300000;58000
run_opt_test0;2300000;58000
run_opt_test0;2300000;58000
run_opt_test0;2300000;58000
run_opt_test0;2300000;58000
run_opt_test0;2300000;58000
run_opt_test0;2300000;58000
run_opt_test0;2300023;58000
run_opt_test0;2300000;58000
run_opt_test0;2300000;58000
run_opt_test0;2300023;58000
run_opt_test0;2300000;58000
run_opt_test0;2300000;58000
run_opt_test0;2300000;58000
run_opt_test0;2300023;58000
run_opt_test0;2299976;58000
run_opt_test0;2300000;58000
run_opt_test0;2300000;58000
run_opt_test0;2300000;58000
run_opt_test0;2300000;58000
run_opt_test0;2300000;58000
run_opt_test0;2300000;58000
run_opt_test0;2300023;58000
run_opt_test0;2300000;58000
run_opt_test0;2300000;58000
run_opt_test0;2300023;58000
run_opt_test0;2299976;58000
run_opt_test0;2300000;58000
run_opt_test0;2300000;58000
run_opt_test0;2300023;58000
run_opt_test0;2300000;58000
run_opt_test0;2300000;58000
run_opt_test0;2300000;58000
run_opt_test0;2300000;58000
run_opt_test0;2300000;58000
run_opt_test0;2300000;58000
run_opt_test0;2300023;58000
run_opt_test0;2300000;58000
run_opt_test0;2300023;58000
run_opt_test0;2300000;58000
run_opt_test0;2300000;58000
run_opt_test0;2300000;58000
run_opt_test0;2300000;58000
run_opt_test0;2300000;58000
run_opt_test0;2300000;58000
run_opt_test0;2300000;58000
run_opt_test0;2300000;58000
run_opt_test0;2299976;56000
run_opt_test0;2300023;56000
run_opt_test0;2300000;56000
run_opt_test0;2299976;56000
run_opt_test0;2300000;56000
run_opt_test0;2300000;56000
run_opt_test0;2300000;56000
run_opt_test0;2300000;56000
run_opt_test0;2299976;56000
run_opt_test0;2300000;58000
run_opt_test0;2300000;58000
run_opt_test0;2300000;58000
run_opt_test0;2299976;58000
run_opt_test0;2300000;58000
run_opt_test0;2300000;58000
run_opt_test0;2300000;58000
run_opt_test0;2300000;58000
run_opt_test0;2300000;58000
run_opt_test0;2300000;58000
run_opt_test0;2300023;58000
run_opt_test0;2300000;58000
run_opt_test0;2299976;58000
run_opt_test0;2300000;58000
run_opt_test0;2300000;58000
run_opt_test0;2300000;58000
run_opt_test0;2300000;58000
run_opt_test0;2300000;58000
run_opt_test0;2300000;56000
run_opt_test0;2300000;56000
run_opt_test0;2299976;56000
run_opt_test0;2300000;56000
run_opt_test0;2300000;56000
run_opt_test0;2300000;56000
run_opt_test0;2300000;56000
run_opt_test0;2300000;56000
run_opt_test0;2300000;56000
run_opt_test0;2299976;58000
run_opt_test0;2300023;58000
run_opt_test0;2300000;58000
run_opt_test0;2299976;58000
run_opt_test0;2299976;58000
run_opt_test0;2300023;58000
run_opt_test0;2300000;58000
run_opt_test0;2300000;58000
run_opt_test0;2300000;58000
run_opt_test0;2299976;58000
run_opt_test0;2299976;58000
run_opt_test0;2300000;58000
run_opt_test0;2300000;58000
run_opt_test0;2300000;58000
run_opt_test0;2300000;58000
run_opt_test0;2300023;58000
run_opt_test0;2300000;58000
run_opt_test0;2300000;58000
run_opt_test0;2300000;58000
run_opt_test0;2300000;58000
run_opt_test0;2300000;58000
run_opt_test0;2300023;58000
run_opt_test0;2300000;58000
run_opt_test0;2300000;58000
run_opt_test0;2300000;58000
run_opt_test0;2300000;58000
run_opt_test0;2300000;58000
run_opt_test0;2300023;58000
run_opt_test0;2300000;58000
run_opt_test0;2300023;58000
run_opt_test0;2299976;58000
run_opt_test0;2300000;58000
run_opt_test0;2300000;58000
run_opt_test0;2299976;58000
run_opt_test0;2300023;58000
run_opt_test0;2300000;58000
run_opt_test0;2300000;58000
run_opt_test0;2300000;58000
run_opt_test0;2300000;58000
run_opt_test0;2300023;58000
run_opt_test0;2300000;58000
run_opt_test0;2300023;58000
run_opt_test0;2300000;58000
run_opt_test0;2300000;58000
run_opt_test0;2300000;58000
run_opt_test0;2300000;58000
run_opt_test0;2300000;58000
run_opt_test0;2299976;58000
run_opt_test0;2300023;58000
run_opt_test0;2300000;58000
run_opt_test0;2300000;58000
run_opt_test0;2300000;58000
run_opt_test0;2300000;58000
run_opt_test0;2300000;58000
run_opt_test0;2300023;58000
run_opt_test0;2300000;58000
run_opt_test0;2300000;58000
run_opt_test0;2300000;58000
run_opt_test0;2300000;58000
run_opt_test0;2300000;58000
run_opt_test0;2299976;58000
run_opt_test0;2299976;58000
run_opt_test0;2299976;58000
run_opt_test0;2300000;58000
run_opt_test0;2300000;58000
run_opt_test0;2299976;58000
run_opt_test0;2300000;58000
run_opt_test0;2300000;58000
run_opt_test0;2300023;58000
run_opt_test0;2300000;58000
run_opt_test0;2300023;58000
run_opt_test0;2300000;58000
run_opt_test0;2300000;60000
run_opt_test0;2300023;60000
run_opt_test0;2300000;60000
run_opt_test0;2300000;60000
run_opt_test0;2300023;60000
run_opt_test0;2300000;60000
run_opt_test0;2299976;60000
run_opt_test0;2300000;60000
run_opt_test0;2300000;58000
run_opt_test0;2300184;58000
run_opt_test0;2300000;58000
Process ended
run_opt_test0;2327859;66000
run_opt_test0;2300000;66000
run_opt_test0;2300000;66000
run_opt_test0;2378865;66000
run_opt_test0;2399965;66000
run_opt_test0;2300000;66000
run_opt_test0;2300000;66000
run_opt_test0;2300000;66000
run_opt_test0;2300000;66000
run_opt_test0;2300000;56000
run_opt_test0;2300000;56000
run_opt_test0;2300000;56000
run_opt_test0;2300000;56000
run_opt_test0;2300023;56000
run_opt_test0;2300000;56000
run_opt_test0;2300000;56000
run_opt_test0;2300000;56000
run_opt_test0;2300000;56000
run_opt_test0;2300000;58000
run_opt_test0;2300000;58000
run_opt_test0;2300000;58000
run_opt_test0;2300000;58000
run_opt_test0;2300000;58000
run_opt_test0;2299976;58000
run_opt_test0;2300023;58000
run_opt_test0;2300000;58000
run_opt_test0;2300000;58000
run_opt_test0;2300023;58000
run_opt_test0;2300023;58000
run_opt_test0;2299976;58000
run_opt_test0;2300000;58000
run_opt_test0;2300000;58000
run_opt_test0;2300023;58000
run_opt_test0;2300023;58000
run_opt_test0;2300000;58000
run_opt_test0;2300023;58000
run_opt_test0;2300000;58000
run_opt_test0;2300023;58000
run_opt_test0;2300000;58000
run_opt_test0;2300023;58000
run_opt_test0;2200000;58000
run_opt_test0;2300023;58000
run_opt_test0;2300000;58000
run_opt_test0;2300000;58000
run_opt_test0;2300000;58000
run_opt_test0;2300000;58000
run_opt_test0;2300000;58000
run_opt_test0;2300000;58000
run_opt_test0;2300023;58000
run_opt_test0;2300000;58000
run_opt_test0;2300023;58000
run_opt_test0;2300000;58000
run_opt_test0;2300000;58000
run_opt_test0;2300023;58000
run_opt_test0;2300000;58000
run_opt_test0;2300023;58000
run_opt_test0;2300000;58000
run_opt_test0;2300000;58000
run_opt_test0;2300000;58000
run_opt_test0;2300000;58000
run_opt_test0;2300000;58000
run_opt_test0;2300000;58000
run_opt_test0;2300000;60000
run_opt_test0;2300000;60000
run_opt_test0;2300000;60000
run_opt_test0;2300023;60000
run_opt_test0;2300023;60000
run_opt_test0;2300000;60000
run_opt_test0;2300000;60000
run_opt_test0;2300000;60000
run_opt_test0;2299976;58000
run_opt_test0;2300000;58000
run_opt_test0;2300000;58000
run_opt_test0;2300023;58000
run_opt_test0;2300000;58000
run_opt_test0;2300000;58000
run_opt_test0;2299976;58000
run_opt_test0;2300023;58000
run_opt_test0;2299976;58000
run_opt_test0;2300000;58000
run_opt_test0;2300023;58000
run_opt_test0;2300000;58000
run_opt_test0;2300000;58000
run_opt_test0;2299976;58000
run_opt_test0;2300000;58000
run_opt_test0;2300000;58000
run_opt_test0;2300000;58000
run_opt_test0;2299976;58000
run_opt_test0;2300000;58000
run_opt_test0;2300023;58000
run_opt_test0;2299976;58000
run_opt_test0;2300000;58000
run_opt_test0;2299976;58000
run_opt_test0;2300000;58000
run_opt_test0;2300000;58000
run_opt_test0;2299976;58000
run_opt_test0;2300000;58000
run_opt_test0;2300023;58000
run_opt_test0;2300000;58000
run_opt_test0;2300000;58000
run_opt_test0;2300023;58000
run_opt_test0;2300023;58000
run_opt_test0;2300023;58000
run_opt_test0;2300023;58000
run_opt_test0;2300000;58000
run_opt_test0;2300000;58000
run_opt_test0;2300000;58000
run_opt_test0;2300000;58000
run_opt_test0;2300000;58000
run_opt_test0;2300000;58000
run_opt_test0;2299976;58000
run_opt_test0;2300000;58000
run_opt_test0;2300000;58000
run_opt_test0;2300000;58000
run_opt_test0;2300000;58000
run_opt_test0;2299976;58000
run_opt_test0;2300023;58000
run_opt_test0;2300000;58000
run_opt_test0;2300000;58000
run_opt_test0;2300000;58000
run_opt_test0;2299976;58000
run_opt_test0;2300000;58000
run_opt_test0;2300184;58000
run_opt_test0;2300000;58000
run_opt_test0;2300023;58000
run_opt_test0;2300000;58000
run_opt_test0;2300000;58000
run_opt_test0;2300000;58000
run_opt_test0;2300000;58000
run_opt_test0;2300000;58000
run_opt_test0;2300000;58000
run_opt_test0;2300000;58000
run_opt_test0;2300000;58000
run_opt_test0;2300000;58000
run_opt_test0;2300000;58000
run_opt_test0;2300000;58000
run_opt_test0;2300000;58000
run_opt_test0;2300000;58000
run_opt_test0;2300023;58000
run_opt_test0;2300000;58000
run_opt_test0;2300000;58000
run_opt_test0;2300000;58000
run_opt_test0;2300000;58000
run_opt_test0;2300000;58000
run_opt_test0;2299976;58000
run_opt_test0;2300000;58000
run_opt_test0;2300000;58000
run_opt_test0;2299976;58000
run_opt_test0;2300000;58000
run_opt_test0;2300023;58000
run_opt_test0;2300000;60000
run_opt_test0;2300000;60000
run_opt_test0;2300000;60000
run_opt_test0;2300000;60000
run_opt_test0;2300000;60000
run_opt_test0;2300000;60000
run_opt_test0;2300023;60000
run_opt_test0;2300000;60000
run_opt_test0;2300023;60000
run_opt_test0;2300000;58000
run_opt_test0;2299976;58000
run_opt_test0;2300000;58000
run_opt_test0;2300000;58000
run_opt_test0;2299976;58000
run_opt_test0;2299976;58000
run_opt_test0;2299976;58000
run_opt_test0;2300000;58000
run_opt_test0;2300023;58000
run_opt_test0;2299976;58000
run_opt_test0;2300000;58000
run_opt_test0;2300000;58000
run_opt_test0;2300000;58000
run_opt_test0;2299976;58000
run_opt_test0;2300000;58000
run_opt_test0;2300000;58000
run_opt_test0;2300023;58000
run_opt_test0;2300000;58000
run_opt_test0;2300000;58000
run_opt_test0;2300000;58000
run_opt_test0;2299976;58000
run_opt_test0;2299976;58000
run_opt_test0;2299976;58000
run_opt_test0;2300023;58000
run_opt_test0;2300000;58000
run_opt_test0;2300023;58000
run_opt_test0;2300023;58000
run_opt_test0;2299976;58000
run_opt_test0;2300000;58000
run_opt_test0;2300000;58000
run_opt_test0;2300000;58000
run_opt_test0;2300000;58000
run_opt_test0;2300000;58000
run_opt_test0;2300000;58000
run_opt_test0;2300000;58000
run_opt_test0;2300000;58000
run_opt_test0;2299976;58000
run_opt_test0;2300000;58000
run_opt_test0;2300000;58000
run_opt_test0;2300000;58000
run_opt_test0;2300000;58000
run_opt_test0;2300000;58000
run_opt_test0;2300000;58000
run_opt_test0;2299976;58000
run_opt_test0;2300000;58000
run_opt_test0;2300000;58000
run_opt_test0;2299976;58000
run_opt_test0;2300000;58000
run_opt_test0;2300000;58000
run_opt_test0;2299976;58000
run_opt_test0;2300023;58000
run_opt_test0;2300000;58000
run_opt_test0;2300000;58000
run_opt_test0;2300000;58000
run_opt_test0;2300000;58000
run_opt_test0;2300000;58000
run_opt_test0;2300023;58000
run_opt_test0;2300023;58000
run_opt_test0;2300000;58000
run_opt_test0;2300000;58000
run_opt_test0;2300023;58000
run_opt_test0;2300000;58000
run_opt_test0;2300000;58000
run_opt_test0;2300000;58000
run_opt_test0;2300000;58000
run_opt_test0;2300000;58000
run_opt_test0;2299976;58000
run_opt_test0;2300023;58000
run_opt_test0;2299976;58000
run_opt_test0;2299976;58000
run_opt_test0;2299976;58000
run_opt_test0;2300000;58000
run_opt_test0;2299976;58000
run_opt_test0;2300000;58000
run_opt_test0;2300000;58000
run_opt_test0;2300000;58000
run_opt_test0;2300023;58000
run_opt_test0;2300000;58000
run_opt_test0;2300000;58000
run_opt_test0;2300000;58000
run_opt_test0;2300000;58000
run_opt_test0;2300023;58000
run_opt_test0;2300023;58000
run_opt_test0;2299976;58000
run_opt_test0;2299976;58000
run_opt_test0;2300000;58000
run_opt_test0;2300000;58000
run_opt_test0;2300000;58000
run_opt_test0;2300000;58000
run_opt_test0;2300000;58000
run_opt_test0;2300000;58000
run_opt_test0;2299976;58000
run_opt_test0;2299976;58000
run_opt_test0;2300000;58000
run_opt_test0;2300000;58000
run_opt_test0;2300000;58000
run_opt_test0;2300023;58000
run_opt_test0;2300000;58000
run_opt_test0;2300000;58000
run_opt_test0;2300000;58000
run_opt_test0;2300000;58000
run_opt_test0;2300000;58000
run_opt_test0;2300000;58000
run_opt_test0;2300000;58000
run_opt_test0;2299976;58000
run_opt_test0;2300000;58000
run_opt_test0;2300000;58000
run_opt_test0;2300000;60000
run_opt_test0;2300000;60000
run_opt_test0;2300023;60000
run_opt_test0;2300023;60000
run_opt_test0;2300000;60000
run_opt_test0;2300000;60000
run_opt_test0;2300023;60000
run_opt_test0;2299976;60000
run_opt_test0;2300000;60000
run_opt_test0;2300023;58000
run_opt_test0;2299976;58000
run_opt_test0;2299976;58000
run_opt_test0;2300023;58000
run_opt_test0;2300000;58000
run_opt_test0;2300023;58000
run_opt_test0;2300023;58000
run_opt_test0;2299976;58000
run_opt_test0;2300023;58000
run_opt_test0;2300023;60000
run_opt_test0;2300023;60000
run_opt_test0;2300000;60000
run_opt_test0;2300000;60000
run_opt_test0;2300000;60000
run_opt_test0;2300000;60000
run_opt_test0;2299976;60000
run_opt_test0;2299976;60000
run_opt_test0;2300000;60000
run_opt_test0;2300000;58000
run_opt_test0;2300000;58000
run_opt_test0;2300000;58000
run_opt_test0;2299976;58000
run_opt_test0;2299976;58000
run_opt_test0;2299976;58000
run_opt_test0;2299976;58000
run_opt_test0;2300000;58000
run_opt_test0;2300000;58000
run_opt_test0;2300000;58000
run_opt_test0;2300000;58000
run_opt_test0;2300000;58000
run_opt_test0;2300023;58000
run_opt_test0;2300000;58000
run_opt_test0;2300184;58000
run_opt_test0;2300000;58000
run_opt_test0;2300023;58000
run_opt_test0;2300023;58000
run_opt_test0;2300023;60000
run_opt_test0;2300000;60000
run_opt_test0;2300000;60000
run_opt_test0;2300023;60000
run_opt_test0;2300023;60000
run_opt_test0;2300000;60000
run_opt_test0;2299976;60000
run_opt_test0;2299976;60000
run_opt_test0;2300000;58000
run_opt_test0;2300000;58000
run_opt_test0;2299976;58000
run_opt_test0;2300023;58000
run_opt_test0;2299976;58000
run_opt_test0;2299976;58000
run_opt_test0;2299976;58000
run_opt_test0;2299976;58000
run_opt_test0;2299976;58000
run_opt_test0;2300000;58000
run_opt_test0;2300000;58000
run_opt_test0;2300000;58000
run_opt_test0;2299976;58000
run_opt_test0;2300000;58000
run_opt_test0;2300000;58000
run_opt_test0;2300000;58000
run_opt_test0;2300000;58000
run_opt_test0;2300023;58000
run_opt_test0;2300000;58000
run_opt_test0;2300000;58000
run_opt_test0;2300000;58000
run_opt_test0;2300023;58000
run_opt_test0;2300000;58000
run_opt_test0;2300000;58000
run_opt_test0;2300000;58000
run_opt_test0;2300023;58000
run_opt_test0;2300000;58000
run_opt_test0;2299953;58000
run_opt_test0;2299976;58000
run_opt_test0;2299976;58000
run_opt_test0;2300000;58000
run_opt_test0;2299976;58000
run_opt_test0;2300000;58000
run_opt_test0;2299976;58000
run_opt_test0;2300000;58000
run_opt_test0;2299976;58000
run_opt_test0;2299976;58000
run_opt_test0;2300000;58000
run_opt_test0;2300000;58000
run_opt_test0;2300000;58000
run_opt_test0;2299976;58000
run_opt_test0;2300023;58000
run_opt_test0;2299976;58000
run_opt_test0;2300000;58000
run_opt_test0;2300000;58000
run_opt_test0;2300023;56000
run_opt_test0;2300000;56000
run_opt_test0;2300000;56000
run_opt_test0;2300000;56000
run_opt_test0;2300000;56000
run_opt_test0;2300000;56000
run_opt_test0;2300000;56000
run_opt_test0;2300000;56000
run_opt_test0;2300023;56000
run_opt_test0;2300000;56000
run_opt_test0;2300000;56000
run_opt_test0;2300000;56000
run_opt_test0;2299976;56000
run_opt_test0;2300000;56000
run_opt_test0;2300023;56000
run_opt_test0;2300000;56000
run_opt_test0;2300000;56000
run_opt_test0;2300000;56000
run_opt_test0;2300000;56000
run_opt_test0;2300000;56000
run_opt_test0;2299976;56000
run_opt_test0;2300023;56000
run_opt_test0;2300000;56000
run_opt_test0;2299976;56000
run_opt_test0;2300000;56000
run_opt_test0;2300000;56000
run_opt_test0;2299976;56000
run_opt_test0;2300000;56000
run_opt_test0;2300023;56000
run_opt_test0;2300000;56000
run_opt_test0;2400000;56000
run_opt_test0;3999959;56000
run_opt_test0;2500000;56000
run_opt_test0;2300000;56000
run_opt_test0;2300000;56000
run_opt_test0;2300000;56000
run_opt_test0;2299976;56000
run_opt_test0;2300000;56000
run_opt_test0;2300000;56000
Process ended
run_opt_test1;2400000;66000
run_opt_test1;2400000;66000
run_opt_test1;2300033;66000
run_opt_test1;2400000;66000
run_opt_test1;2300000;66000
run_opt_test1;2300000;66000
run_opt_test1;2300023;66000
run_opt_test1;2300000;66000
run_opt_test1;2300000;54000
run_opt_test1;2300000;54000
run_opt_test1;2300000;54000
run_opt_test1;2300023;54000
run_opt_test1;2300000;54000
run_opt_test1;2299976;54000
run_opt_test1;2300023;54000
run_opt_test1;2300023;54000
run_opt_test1;2300023;54000
run_opt_test1;2300000;54000
run_opt_test1;2299976;54000
run_opt_test1;2299976;54000
run_opt_test1;2300023;54000
run_opt_test1;2300000;54000
run_opt_test1;2300023;54000
run_opt_test1;2300000;54000
run_opt_test1;2300000;54000
run_opt_test1;2300023;54000
run_opt_test1;2299976;54000
run_opt_test1;2300000;54000
run_opt_test1;2300000;54000
run_opt_test1;2300000;54000
run_opt_test1;2300023;54000
run_opt_test1;2300000;54000
run_opt_test1;2300023;54000
run_opt_test1;2300000;54000
run_opt_test1;2300000;54000
run_opt_test1;2300000;54000
run_opt_test1;2300000;54000
run_opt_test1;2299976;52000
run_opt_test1;2300000;52000
run_opt_test1;2300000;52000
run_opt_test1;2300000;52000
run_opt_test1;2300000;52000
run_opt_test1;2300000;52000
run_opt_test1;2299976;52000
run_opt_test1;2300023;52000
run_opt_test1;2300000;52000
run_opt_test1;2300000;52000
run_opt_test1;2300000;52000
run_opt_test1;2300000;52000
run_opt_test1;2300000;52000
run_opt_test1;2300000;52000
run_opt_test1;2300023;52000
run_opt_test1;2300000;52000
run_opt_test1;2300000;52000
run_opt_test1;2300000;52000
run_opt_test1;2300000;52000
run_opt_test1;2299976;52000
run_opt_test1;2300023;52000
run_opt_test1;2300000;52000
run_opt_test1;2300000;52000
run_opt_test1;2299976;52000
run_opt_test1;2300000;52000
run_opt_test1;2300000;52000
run_opt_test1;2300000;52000
run_opt_test1;2300000;52000
run_opt_test1;2300000;52000
run_opt_test1;2299976;52000
run_opt_test1;2300000;52000
run_opt_test1;2299976;52000
run_opt_test1;2300000;52000
run_opt_test1;2300000;52000
run_opt_test1;2300000;52000
run_opt_test1;2300000;52000
run_opt_test1;2300000;52000
run_opt_test1;2300000;52000
run_opt_test1;2300000;52000
run_opt_test1;2300023;52000
run_opt_test1;2299976;52000
run_opt_test1;2300000;52000
run_opt_test1;2299976;52000
run_opt_test1;2300023;52000
run_opt_test1;2300000;52000
run_opt_test1;2300000;52000
run_opt_test1;2299976;52000
run_opt_test1;2300000;52000
run_opt_test1;2300000;52000
run_opt_test1;2300000;52000
run_opt_test1;2299976;52000
run_opt_test1;2299976;52000
run_opt_test1;2300023;52000
run_opt_test1;2300000;52000
run_opt_test1;2300000;52000
run_opt_test1;2300000;52000
run_opt_test1;2300000;52000
run_opt_test1;2300000;52000
run_opt_test1;2300000;52000
run_opt_test1;2300000;52000
run_opt_test1;2300000;52000
run_opt_test1;2300000;52000
run_opt_test1;2300000;52000
run_opt_test1;2300000;52000
run_opt_test1;2300023;52000
run_opt_test1;2300000;52000
run_opt_test1;2300000;52000
run_opt_test1;2300000;52000
run_opt_test1;2300000;52000
run_opt_test1;2300000;52000
run_opt_test1;2300000;52000
run_opt_test1;2299976;52000
run_opt_test1;2300000;52000
run_opt_test1;2300000;52000
run_opt_test1;2299976;52000
run_opt_test1;2299976;52000
run_opt_test1;2300023;52000
run_opt_test1;2300000;52000
run_opt_test1;2299976;52000
run_opt_test1;2300000;52000
run_opt_test1;2299976;52000
run_opt_test1;2300000;52000
run_opt_test1;2299976;52000
run_opt_test1;2299976;52000
run_opt_test1;2300000;52000
run_opt_test1;2300000;52000
run_opt_test1;2300000;52000
run_opt_test1;2300046;52000
run_opt_test1;2300000;52000
run_opt_test1;2300000;52000
run_opt_test1;2300000;52000
run_opt_test1;2300000;52000
run_opt_test1;2300000;52000
run_opt_test1;2300023;52000
run_opt_test1;2300000;52000
run_opt_test1;2299976;52000
run_opt_test1;2300000;52000
run_opt_test1;2299976;52000
run_opt_test1;2300000;52000
run_opt_test1;2300000;52000
run_opt_test1;2300000;52000
run_opt_test1;2300000;52000
run_opt_test1;2299976;52000
run_opt_test1;2300000;52000
run_opt_test1;2300000;52000
run_opt_test1;2300000;52000
run_opt_test1;2300000;52000
run_opt_test1;2300023;52000
run_opt_test1;2300000;52000
run_opt_test1;2300000;52000
run_opt_test1;2300023;52000
run_opt_test1;2300000;52000
run_opt_test1;2300000;52000
run_opt_test1;2300000;52000
run_opt_test1;2300000;52000
run_opt_test1;2300023;52000
run_opt_test1;2300000;52000
run_opt_test1;2300023;52000
run_opt_test1;2299976;52000
run_opt_test1;2300000;52000
run_opt_test1;2299976;52000
run_opt_test1;2300000;52000
run_opt_test1;2300000;52000
run_opt_test1;2300023;52000
run_opt_test1;2300000;52000
run_opt_test1;2300000;52000
run_opt_test1;2300000;52000
run_opt_test1;2300000;52000
run_opt_test1;2300000;52000
run_opt_test1;2300000;52000
run_opt_test1;2300000;52000
run_opt_test1;2300023;52000
run_opt_test1;2299976;52000
run_opt_test1;2300000;52000
Process ended
run_opt_test1;2300050;62000
run_opt_test1;2684141;62000
run_opt_test1;2199967;62000
run_opt_test1;2400000;62000
run_opt_test1;2299966;62000
run_opt_test1;2300000;62000
run_opt_test1;2300000;62000
run_opt_test1;2300000;62000
run_opt_test1;2300000;52000
run_opt_test1;2300000;52000
run_opt_test1;2300023;52000
run_opt_test1;2300023;52000
run_opt_test1;2299976;52000
run_opt_test1;2300000;52000
run_opt_test1;2300000;52000
run_opt_test1;2300000;52000
run_opt_test1;2300023;52000
run_opt_test1;2300023;52000
run_opt_test1;2300000;52000
run_opt_test1;2300023;52000
run_opt_test1;2299976;52000
run_opt_test1;2299976;52000
run_opt_test1;2299976;52000
run_opt_test1;2300000;52000
run_opt_test1;2300000;52000
run_opt_test1;2300000;52000
run_opt_test1;2299976;52000
run_opt_test1;2300000;52000
run_opt_test1;2300000;52000
run_opt_test1;2300000;52000
run_opt_test1;2299976;52000
run_opt_test1;2300000;52000
run_opt_test1;2300023;52000
run_opt_test1;2300023;52000
run_opt_test1;2300000;52000
run_opt_test1;2300023;52000
run_opt_test1;2300000;52000
run_opt_test1;2300000;52000
run_opt_test1;2300000;52000
run_opt_test1;2300023;52000
run_opt_test1;2300023;52000
run_opt_test1;2299976;52000
run_opt_test1;2300000;52000
run_opt_test1;2300000;52000
run_opt_test1;2300000;52000
run_opt_test1;2300000;52000
run_opt_test1;2300000;52000
run_opt_test1;2300000;52000
run_opt_test1;2300000;52000
run_opt_test1;2300000;52000
run_opt_test1;2300000;52000
run_opt_test1;2299976;52000
run_opt_test1;2300000;52000
run_opt_test1;2300000;52000
run_opt_test1;2300000;52000
run_opt_test1;2300000;52000
run_opt_test1;2300000;52000
run_opt_test1;2300000;52000
run_opt_test1;2300000;52000
run_opt_test1;2299976;52000
run_opt_test1;2300023;52000
run_opt_test1;2300000;52000
run_opt_test1;2300023;52000
run_opt_test1;2300000;52000
run_opt_test1;2300000;52000
run_opt_test1;2299976;52000
run_opt_test1;2300000;52000
run_opt_test1;2300046;52000
run_opt_test1;2300000;52000
run_opt_test1;2300000;52000
run_opt_test1;2300000;52000
run_opt_test1;2300000;52000
run_opt_test1;2300000;52000
run_opt_test1;2300023;52000
run_opt_test1;2300000;52000
run_opt_test1;2300046;52000
run_opt_test1;2300000;52000
run_opt_test1;2300000;52000
run_opt_test1;2300023;52000
run_opt_test1;2299976;52000
run_opt_test1;2300000;52000
run_opt_test1;2300023;52000
run_opt_test1;2299976;52000
run_opt_test1;2300000;52000
run_opt_test1;2300000;50000
run_opt_test1;2300000;50000
run_opt_test1;2300000;50000
run_opt_test1;2300000;50000
run_opt_test1;2300023;50000
run_opt_test1;2300000;50000
run_opt_test1;2300000;50000
run_opt_test1;2299976;50000
run_opt_test1;2299976;52000
run_opt_test1;2300000;52000
run_opt_test1;2300000;52000
run_opt_test1;2299976;52000
run_opt_test1;2300000;52000
run_opt_test1;2300000;52000
run_opt_test1;2300000;52000
run_opt_test1;2299976;52000
run_opt_test1;2300000;52000
run_opt_test1;2300000;52000
run_opt_test1;2300023;52000
run_opt_test1;2300000;52000
run_opt_test1;2300000;52000
run_opt_test1;2300000;52000
run_opt_test1;2300000;52000
run_opt_test1;2300000;52000
run_opt_test1;2300000;52000
run_opt_test1;2300023;52000
run_opt_test1;2300000;52000
run_opt_test1;2300023;52000
run_opt_test1;2299976;52000
run_opt_test1;2300000;52000
run_opt_test1;2300000;52000
run_opt_test1;2299976;50000
run_opt_test1;2300023;50000
run_opt_test1;2300023;50000
run_opt_test1;2299976;50000
run_opt_test1;2300000;50000
run_opt_test1;2300000;50000
run_opt_test1;2299976;50000
run_opt_test1;2300000;50000
run_opt_test1;2300000;50000
run_opt_test1;2300000;50000
run_opt_test1;2300000;50000
run_opt_test1;2300000;50000
run_opt_test1;2300023;50000
run_opt_test1;2300000;50000
run_opt_test1;2300000;50000
run_opt_test1;2300000;50000
run_opt_test1;2299976;50000
run_opt_test1;2300023;50000
run_opt_test1;2300046;50000
run_opt_test1;2300000;50000
run_opt_test1;2299976;50000
run_opt_test1;2300000;50000
run_opt_test1;2300023;50000
run_opt_test1;2300000;50000
run_opt_test1;2299976;50000
run_opt_test1;2300000;50000
run_opt_test1;2300000;50000
run_opt_test1;2300000;50000
run_opt_test1;2300000;50000
run_opt_test1;2300000;50000
run_opt_test1;2300000;50000
run_opt_test1;2300046;50000
run_opt_test1;2300000;50000
run_opt_test1;2300000;50000
run_opt_test1;2300000;50000
run_opt_test1;2300000;50000
run_opt_test1;2299976;50000
run_opt_test1;2300000;50000
run_opt_test1;2300000;50000
run_opt_test1;2300000;50000
run_opt_test1;2300000;52000
run_opt_test1;2300000;52000
run_opt_test1;2300000;52000
run_opt_test1;2300000;52000
run_opt_test1;2299976;52000
run_opt_test1;2300000;52000
run_opt_test1;2300000;52000
run_opt_test1;2300000;52000
run_opt_test1;2299976;50000
run_opt_test1;2300023;50000
run_opt_test1;2299976;50000
run_opt_test1;2300000;50000
run_opt_test1;2300023;50000
run_opt_test1;2300000;50000
run_opt_test1;2299976;50000
run_opt_test1;2300000;50000
run_opt_test1;2300023;50000
Process ended
run_opt_test1;2300000;56000
run_opt_test1;2659338;56000
run_opt_test1;2999969;56000
run_opt_test1;2400000;56000
run_opt_test1;2600036;56000
run_opt_test1;2899866;56000
run_opt_test1;2300033;56000
run_opt_test1;2599963;56000
run_opt_test1;2600000;54000
run_opt_test1;2600036;54000
run_opt_test1;2300000;54000
run_opt_test1;2300000;54000
run_opt_test1;2300000;54000
run_opt_test1;2300000;54000
run_opt_test1;2300000;54000
run_opt_test1;2300000;50000
run_opt_test1;2300000;50000
run_opt_test1;2300000;50000
run_opt_test1;2300000;50000
run_opt_test1;3399965;50000
run_opt_test1;3600000;50000
run_opt_test1;2300000;50000
run_opt_test1;2299976;50000
run_opt_test1;2300000;50000
run_opt_test1;2300000;50000
run_opt_test1;2300000;50000
run_opt_test1;2300000;50000
run_opt_test1;2300000;50000
run_opt_test1;2300000;50000
run_opt_test1;2299976;50000
run_opt_test1;2300000;50000
run_opt_test1;2300000;50000
run_opt_test1;2300000;50000
run_opt_test1;2300023;50000
run_opt_test1;2300000;50000
run_opt_test1;2300000;50000
run_opt_test1;2300000;50000
run_opt_test1;2300000;50000
run_opt_test1;2300023;50000
run_opt_test1;2299976;50000
run_opt_test1;2300000;50000
run_opt_test1;2300000;50000
run_opt_test1;2300000;50000
run_opt_test1;2300000;50000
run_opt_test1;2300000;50000
run_opt_test1;2300000;50000
run_opt_test1;2300023;50000
run_opt_test1;2300000;52000
run_opt_test1;2300023;52000
run_opt_test1;2300000;52000
run_opt_test1;2300000;52000
run_opt_test1;2300000;52000
run_opt_test1;2300000;52000
run_opt_test1;2300000;52000
run_opt_test1;2300000;50000
run_opt_test1;2300000;50000
run_opt_test1;2299976;50000
run_opt_test1;2300023;50000
run_opt_test1;2300000;50000
run_opt_test1;2300000;50000
run_opt_test1;2300000;50000
run_opt_test1;3500035;50000
run_opt_test1;3436588;54000
run_opt_test1;2300000;54000
run_opt_test1;2300000;54000
run_opt_test1;2300000;54000
run_opt_test1;2300000;54000
run_opt_test1;2300000;54000
run_opt_test1;2300023;54000
run_opt_test1;2300023;54000
run_opt_test1;2300023;50000
run_opt_test1;2300023;50000
run_opt_test1;2300000;50000
run_opt_test1;2300000;50000
run_opt_test1;2300023;50000
run_opt_test1;2300000;50000
run_opt_test1;2300023;50000
run_opt_test1;2300000;50000
run_opt_test1;2300000;50000
run_opt_test1;2300000;50000
run_opt_test1;2300000;50000
run_opt_test1;2300000;50000
run_opt_test1;2300000;50000
run_opt_test1;2300000;50000
run_opt_test1;2300000;52000
run_opt_test1;2300023;52000
run_opt_test1;2300000;52000
run_opt_test1;2300000;52000
run_opt_test1;2300023;52000
run_opt_test1;2300000;52000
run_opt_test1;2325125;52000
run_opt_test1;2200000;52000
run_opt_test1;2400034;52000
run_opt_test1;2300000;52000
run_opt_test1;2300000;52000
run_opt_test1;2300000;52000
run_opt_test1;2300000;52000
run_opt_test1;2300000;52000
run_opt_test1;2299976;50000
run_opt_test1;2300000;50000
run_opt_test1;2299976;50000
run_opt_test1;2300023;50000
run_opt_test1;2300000;50000
run_opt_test1;2300000;50000
run_opt_test1;2300000;50000
run_opt_test1;2299976;50000
run_opt_test1;2300000;50000
run_opt_test1;2300000;50000
run_opt_test1;2300023;50000
run_opt_test1;2300000;50000
run_opt_test1;2299976;50000
run_opt_test1;2299976;50000
run_opt_test1;2300000;50000
run_opt_test1;2300000;50000
run_opt_test1;2300000;50000
run_opt_test1;2299976;50000
run_opt_test1;2299976;50000
run_opt_test1;2300000;50000
run_opt_test1;2299976;50000
run_opt_test1;2299976;50000
run_opt_test1;2300023;50000
run_opt_test1;2300000;50000
run_opt_test1;2300000;50000
run_opt_test1;2300000;50000
run_opt_test1;2300000;50000
run_opt_test1;2300000;50000
run_opt_test1;2300000;50000
run_opt_test1;2299976;50000
run_opt_test1;2300000;50000
run_opt_test1;2299976;50000
run_opt_test1;2300000;50000
run_opt_test1;2299976;50000
run_opt_test1;2300000;50000
run_opt_test1;2300000;50000
run_opt_test1;2300023;50000
run_opt_test1;2300000;50000
run_opt_test1;2300000;50000
run_opt_test1;2299976;50000
run_opt_test1;2300000;50000
run_opt_test1;2300000;50000
run_opt_test1;2300000;50000
run_opt_test1;2300023;50000
run_opt_test1;2300000;50000
run_opt_test1;2300000;50000
run_opt_test1;2300000;50000
run_opt_test1;2299976;50000
run_opt_test1;2299976;50000
run_opt_test1;2300000;50000
run_opt_test1;2299976;50000
run_opt_test1;2300000;50000
run_opt_test1;2300000;52000
run_opt_test1;2300000;52000
run_opt_test1;2300000;52000
run_opt_test1;2300000;52000
run_opt_test1;2300000;52000
run_opt_test1;2300000;52000
run_opt_test1;2300000;52000
run_opt_test1;2300000;50000
run_opt_test1;2300000;50000
run_opt_test1;2300000;50000
run_opt_test1;2300000;50000
run_opt_test1;2300000;50000
run_opt_test1;2299976;50000
run_opt_test1;2300000;50000
run_opt_test1;2300023;50000
run_opt_test1;2300000;50000
run_opt_test1;2299976;50000
run_opt_test1;2300000;50000
Process ended
run_opt_test2;2641394;48000
run_opt_test2;2600000;48000
run_opt_test2;2500045;48000
run_opt_test2;2475934;48000
run_opt_test2;2600000;48000
run_opt_test2;2700000;48000
run_opt_test2;2300023;48000
run_opt_test2;2300023;50000
run_opt_test2;2300000;50000
run_opt_test2;2300000;50000
run_opt_test2;2299976;50000
run_opt_test2;2300000;50000
run_opt_test2;2299976;50000
run_opt_test2;2299976;50000
run_opt_test2;2300046;52000
run_opt_test2;2299976;52000
run_opt_test2;2299976;52000
run_opt_test2;2300000;52000
run_opt_test2;2300000;52000
run_opt_test2;2300000;52000
run_opt_test2;2300023;52000
run_opt_test2;2300000;50000
run_opt_test2;2300023;50000
run_opt_test2;2300000;50000
run_opt_test2;2300000;50000
run_opt_test2;2300000;50000
run_opt_test2;2300000;50000
run_opt_test2;2300000;50000
run_opt_test2;2299976;50000
run_opt_test2;2300000;50000
run_opt_test2;2300000;50000
run_opt_test2;2300000;50000
run_opt_test2;2300000;50000
run_opt_test2;2300023;50000
run_opt_test2;2300000;50000
run_opt_test2;2300023;50000
run_opt_test2;2300000;50000
run_opt_test2;2300000;50000
run_opt_test2;2300000;50000
run_opt_test2;2300000;50000
run_opt_test2;2300000;50000
run_opt_test2;2300000;50000
run_opt_test2;2300000;50000
run_opt_test2;2300000;50000
run_opt_test2;2299976;50000
run_opt_test2;2300000;50000
run_opt_test2;2300000;50000
run_opt_test2;2300023;50000
run_opt_test2;2300000;50000
run_opt_test2;2300023;50000
run_opt_test2;2300000;50000
run_opt_test2;2300000;50000
run_opt_test2;2300000;50000
run_opt_test2;2300023;50000
run_opt_test2;2300000;50000
run_opt_test2;2300000;50000
run_opt_test2;2299976;50000
run_opt_test2;2299976;50000
run_opt_test2;2300023;50000
run_opt_test2;2299976;50000
run_opt_test2;2300000;50000
run_opt_test2;2300046;50000
run_opt_test2;2300000;50000
run_opt_test2;2300000;50000
run_opt_test2;2300023;50000
run_opt_test2;2300000;50000
run_opt_test2;2300000;50000
run_opt_test2;2300023;50000
run_opt_test2;2300023;50000
run_opt_test2;2300000;50000
run_opt_test2;2300000;50000
run_opt_test2;2300000;50000
run_opt_test2;2300000;50000
run_opt_test2;2300000;50000
run_opt_test2;2299976;50000
run_opt_test2;2299976;50000
run_opt_test2;2300000;50000
run_opt_test2;2300000;51000
run_opt_test2;2300000;51000
run_opt_test2;2300000;51000
run_opt_test2;2300023;51000
run_opt_test2;2300000;51000
run_opt_test2;2300000;51000
run_opt_test2;2300023;51000
run_opt_test2;2300000;52000
run_opt_test2;2300000;52000
run_opt_test2;2299976;52000
run_opt_test2;2300000;52000
run_opt_test2;2299976;52000
run_opt_test2;2300023;52000
run_opt_test2;2300023;50000
run_opt_test2;2300000;50000
run_opt_test2;2300000;50000
Process ended
run_opt_test2;2700000;60000
run_opt_test2;2500000;60000
run_opt_test2;2600000;60000
run_opt_test2;3000000;60000
run_opt_test2;2211813;60000
run_opt_test2;2674444;60000
run_opt_test2;2600042;60000
run_opt_test2;2700000;58000
run_opt_test2;2700000;58000
run_opt_test2;2300000;58000
run_opt_test2;2300000;58000
run_opt_test2;2300000;58000
run_opt_test2;2300000;58000
run_opt_test2;2300000;58000
run_opt_test2;2300000;52000
run_opt_test2;2300000;52000
run_opt_test2;2300000;52000
run_opt_test2;2300000;52000
run_opt_test2;2300000;52000
run_opt_test2;2300000;52000
run_opt_test2;2300000;52000
run_opt_test2;2299976;52000
run_opt_test2;2300000;52000
run_opt_test2;2300000;52000
run_opt_test2;2300000;52000
run_opt_test2;2300000;52000
run_opt_test2;2300000;52000
run_opt_test2;2300000;52000
run_opt_test2;2300000;50000
run_opt_test2;2299976;50000
run_opt_test2;2300046;50000
run_opt_test2;2300000;50000
run_opt_test2;2300000;50000
run_opt_test2;2300000;50000
run_opt_test2;2300023;50000
run_opt_test2;2300000;52000
run_opt_test2;2300023;52000
run_opt_test2;2300000;52000
run_opt_test2;2300000;52000
run_opt_test2;2300000;52000
run_opt_test2;2300023;52000
run_opt_test2;2300000;52000
run_opt_test2;2300000;50000
run_opt_test2;2300000;50000
run_opt_test2;2300000;50000
run_opt_test2;2300000;50000
run_opt_test2;2299976;50000
run_opt_test2;2300023;50000
run_opt_test2;2300023;50000
run_opt_test2;2300000;50000
run_opt_test2;2300000;50000
run_opt_test2;2300000;50000
run_opt_test2;2300023;50000
run_opt_test2;2300000;50000
run_opt_test2;2300000;50000
run_opt_test2;2299976;50000
run_opt_test2;2300000;50000
run_opt_test2;2300000;50000
run_opt_test2;2299976;50000
run_opt_test2;2300023;50000
run_opt_test2;2299976;50000
run_opt_test2;2299976;52000
run_opt_test2;2300000;52000
run_opt_test2;2299976;52000
run_opt_test2;2300046;52000
run_opt_test2;2300000;52000
run_opt_test2;2300000;52000
run_opt_test2;2300000;50000
run_opt_test2;2300000;50000
run_opt_test2;2299976;50000
run_opt_test2;2300023;50000
run_opt_test2;2300046;50000
run_opt_test2;2299976;50000
run_opt_test2;2300000;50000
run_opt_test2;2300023;52000
run_opt_test2;2300000;52000
run_opt_test2;2300000;52000
run_opt_test2;2300000;52000
run_opt_test2;2300023;52000
run_opt_test2;2299976;52000
run_opt_test2;2300000;50000
run_opt_test2;2300000;50000
run_opt_test2;2300000;50000
run_opt_test2;2300000;50000
run_opt_test2;2300000;50000
run_opt_test2;2299976;50000
run_opt_test2;2299976;50000
run_opt_test2;2300000;50000
run_opt_test2;2300023;50000
Process ended
run_opt_test2;1800000;48000
run_opt_test2;2700000;48000
run_opt_test2;2600000;48000
run_opt_test2;2600000;48000
run_opt_test2;2507368;48000
run_opt_test2;2231833;48000
run_opt_test2;2100041;48000
run_opt_test2;2492063;56000
run_opt_test2;2300043;56000
run_opt_test2;2400000;56000
run_opt_test2;2299956;56000
run_opt_test2;2400000;56000
run_opt_test2;2500000;56000
run_opt_test2;2900000;56000
run_opt_test2;2581405;60000
run_opt_test2;2900000;60000
run_opt_test2;2199957;60000
run_opt_test2;2700000;60000
run_opt_test2;2600000;60000
run_opt_test2;2300023;60000
run_opt_test2;2300000;60000
run_opt_test2;2300000;52000
run_opt_test2;2300000;52000
run_opt_test2;2300000;52000
run_opt_test2;2300000;52000
run_opt_test2;2300000;52000
run_opt_test2;2300000;52000
run_opt_test2;2300000;52000
run_opt_test2;2300023;52000
run_opt_test2;2300000;52000
run_opt_test2;2300000;52000
run_opt_test2;2300046;52000
run_opt_test2;2300000;52000
run_opt_test2;2300000;52000
run_opt_test2;2300000;52000
run_opt_test2;2300000;50000
run_opt_test2;2299976;50000
run_opt_test2;2300000;50000
run_opt_test2;2300000;50000
run_opt_test2;2299976;50000
run_opt_test2;2300000;50000
run_opt_test2;2299976;50000
run_opt_test2;2300000;50000
run_opt_test2;2300000;50000
run_opt_test2;2300023;50000
run_opt_test2;2300000;50000
run_opt_test2;2300000;50000
run_opt_test2;2300000;50000
run_opt_test2;2300000;50000
run_opt_test2;2300000;50000
run_opt_test2;2300000;50000
run_opt_test2;2299976;50000
run_opt_test2;2300000;50000
run_opt_test2;2300000;50000
run_opt_test2;2300000;50000
run_opt_test2;2300000;50000
run_opt_test2;2300000;50000
run_opt_test2;2100000;50000
run_opt_test2;2700000;50000
run_opt_test2;2700000;50000
run_opt_test2;2600000;50000
run_opt_test2;2300000;50000
run_opt_test2;2300000;52000
run_opt_test2;2300023;52000
run_opt_test2;2300000;52000
run_opt_test2;2300000;52000
run_opt_test2;2300000;52000
run_opt_test2;2300000;52000
run_opt_test2;2300000;52000
run_opt_test2;2300000;52000
run_opt_test2;2299976;52000
run_opt_test2;2699952;52000
run_opt_test2;2300000;52000
run_opt_test2;2299976;52000
run_opt_test2;2300000;52000
run_opt_test2;2300000;52000
run_opt_test2;2300000;50000
run_opt_test2;2300000;50000
run_opt_test2;2300000;50000
run_opt_test2;2300000;50000
run_opt_test2;2300023;50000
run_opt_test2;2300023;50000
run_opt_test2;2300023;50000
run_opt_test2;2300000;52000
run_opt_test2;2300000;52000
run_opt_test2;2300000;52000
Process ended
run_opt_test3;2736207;56000
run_opt_test3;2600000;56000
run_opt_test3;2600046;56000
run_opt_test3;2300023;56000
run_opt_test3;2300000;56000
run_opt_test3;2299976;56000
run_opt_test3;2300000;50000
run_opt_test3;2300023;50000
run_opt_test3;2300000;50000
run_opt_test3;2300000;50000
run_opt_test3;2299976;50000
run_opt_test3;2300000;50000
run_opt_test3;2300000;50000
run_opt_test3;2300000;50000
run_opt_test3;2300023;50000
run_opt_test3;2299976;50000
run_opt_test3;2300000;50000
run_opt_test3;2300000;50000
run_opt_test3;2300000;50000
run_opt_test3;2300000;50000
run_opt_test3;2300000;50000
run_opt_test3;2300000;50000
run_opt_test3;2100000;50000
run_opt_test3;2904366;50000
run_opt_test3;2200042;56000
run_opt_test3;2200042;56000
run_opt_test3;2399955;56000
run_opt_test3;2600000;56000
run_opt_test3;2600000;56000
run_opt_test3;2300000;56000
run_opt_test3;2300000;50000
run_opt_test3;2300000;50000
run_opt_test3;2300000;50000
run_opt_test3;2300000;50000
run_opt_test3;2300000;50000
run_opt_test3;2300000;50000
run_opt_test3;2300000;50000
run_opt_test3;2300000;50000
run_opt_test3;2299976;50000
run_opt_test3;2300000;50000
run_opt_test3;2300000;50000
run_opt_test3;2300000;50000
run_opt_test3;2300000;52000
run_opt_test3;2300000;52000
run_opt_test3;2300000;52000
run_opt_test3;2300023;52000
run_opt_test3;2299976;52000
run_opt_test3;2300023;52000
run_opt_test3;2300000;50000
run_opt_test3;2300000;50000
run_opt_test3;2300000;50000
run_opt_test3;2300000;50000
run_opt_test3;2300000;50000
run_opt_test3;2299976;50000
run_opt_test3;2300000;50000
run_opt_test3;2300000;50000
run_opt_test3;2299976;50000
run_opt_test3;2299976;50000
run_opt_test3;2300000;50000
run_opt_test3;2300000;50000
run_opt_test3;2299976;50000
run_opt_test3;2300000;50000
run_opt_test3;2299976;50000
run_opt_test3;2300000;50000
run_opt_test3;2299976;50000
run_opt_test3;2300000;50000
run_opt_test3;2300023;50000
run_opt_test3;2300023;50000
run_opt_test3;2300000;50000
run_opt_test3;2299976;50000
run_opt_test3;2300000;50000
run_opt_test3;2300023;50000
Process ended
run_opt_test3;2700000;58000
run_opt_test3;2500000;58000
run_opt_test3;2600000;58000
run_opt_test3;2300000;58000
run_opt_test3;2300000;58000
run_opt_test3;2299976;58000
run_opt_test3;2300000;48000
run_opt_test3;2300000;48000
run_opt_test3;2300000;48000
run_opt_test3;2300000;48000
run_opt_test3;2300000;48000
run_opt_test3;2300023;48000
run_opt_test3;2299976;50000
run_opt_test3;2300000;50000
run_opt_test3;2300000;50000
run_opt_test3;2300000;50000
run_opt_test3;2300000;50000
run_opt_test3;2300000;50000
run_opt_test3;2300000;50000
run_opt_test3;2300000;50000
run_opt_test3;2299976;50000
run_opt_test3;2299976;50000
run_opt_test3;2299976;50000
run_opt_test3;2300000;50000
run_opt_test3;2300000;50000
run_opt_test3;2299976;50000
run_opt_test3;2300000;50000
run_opt_test3;2300023;50000
run_opt_test3;2300000;50000
run_opt_test3;2300000;50000
run_opt_test3;2300000;50000
run_opt_test3;2300023;50000
run_opt_test3;2299976;50000
run_opt_test3;2300000;50000
run_opt_test3;2299976;50000
run_opt_test3;2300000;50000
run_opt_test3;2300000;50000
run_opt_test3;2300000;50000
run_opt_test3;2300023;50000
run_opt_test3;2300000;50000
run_opt_test3;2300000;50000
run_opt_test3;2300000;50000
run_opt_test3;2300023;50000
run_opt_test3;2299976;50000
run_opt_test3;2300000;50000
run_opt_test3;2300000;50000
run_opt_test3;2300000;50000
run_opt_test3;2300023;50000
run_opt_test3;2299976;50000
run_opt_test3;2300023;50000
run_opt_test3;2300000;50000
run_opt_test3;2300000;50000
run_opt_test3;2300000;50000
run_opt_test3;2300000;50000
run_opt_test3;2299976;50000
run_opt_test3;2300000;50000
run_opt_test3;2300000;50000
run_opt_test3;2300000;50000
run_opt_test3;2300000;50000
run_opt_test3;2299976;50000
run_opt_test3;2300000;50000
run_opt_test3;2300000;50000
run_opt_test3;2300000;50000
run_opt_test3;2300000;50000
run_opt_test3;2300023;50000
run_opt_test3;2300000;50000
run_opt_test3;2300023;50000
run_opt_test3;2300000;50000
run_opt_test3;2300000;50000
run_opt_test3;2300023;50000
run_opt_test3;2300000;50000
run_opt_test3;2300000;50000
run_opt_test3;2300000;50000
run_opt_test3;2300000;50000
run_opt_test3;2300000;50000
run_opt_test3;2299976;50000
Process ended
run_opt_test3;2600046;58000
run_opt_test3;2300000;58000
run_opt_test3;2527661;58000
run_opt_test3;2300000;58000
run_opt_test3;2300000;58000
run_opt_test3;2300000;58000
run_opt_test3;2300000;50000
run_opt_test3;2300023;50000
run_opt_test3;2300000;50000
run_opt_test3;2300000;50000
run_opt_test3;2300000;50000
run_opt_test3;2300000;50000
run_opt_test3;2300000;50000
run_opt_test3;2300000;50000
run_opt_test3;2300000;50000
run_opt_test3;2300000;50000
run_opt_test3;2300023;50000
run_opt_test3;2300000;50000
run_opt_test3;2300000;50000
run_opt_test3;2300000;50000
run_opt_test3;2300000;50000
run_opt_test3;2300000;50000
run_opt_test3;2300000;50000
run_opt_test3;2300000;50000
run_opt_test3;2300000;50000
run_opt_test3;2300000;50000
run_opt_test3;2300000;50000
run_opt_test3;2300000;50000
run_opt_test3;2299976;50000
run_opt_test3;2300000;50000
run_opt_test3;2300000;50000
run_opt_test3;2300000;50000
run_opt_test3;2300000;50000
run_opt_test3;2300023;50000
run_opt_test3;2300023;50000
run_opt_test3;2300000;50000
run_opt_test3;2300000;50000
run_opt_test3;2300000;50000
run_opt_test3;2299976;50000
run_opt_test3;2300000;50000
run_opt_test3;2300000;50000
run_opt_test3;2300000;50000
run_opt_test3;2300023;50000
run_opt_test3;2300000;50000
run_opt_test3;2300023;50000
run_opt_test3;2300000;50000
run_opt_test3;2299976;50000
run_opt_test3;2299976;50000
run_opt_test3;2300000;50000
run_opt_test3;2300000;50000
run_opt_test3;2300000;50000
run_opt_test3;2300000;50000
run_opt_test3;2300000;50000
run_opt_test3;2300000;50000
run_opt_test3;2300000;50000
run_opt_test3;2300000;50000
run_opt_test3;2300000;50000
run_opt_test3;2300000;50000
run_opt_test3;2299976;50000
run_opt_test3;2300000;50000
run_opt_test3;2300000;50000
run_opt_test3;2299976;50000
run_opt_test3;2300000;50000
run_opt_test3;2300000;50000
run_opt_test3;2300000;50000
run_opt_test3;2300023;50000
run_opt_test3;2300000;50000
run_opt_test3;2299976;50000
run_opt_test3;2300000;50000
run_opt_test3;2300000;50000
run_opt_test3;2300000;50000
run_opt_test3;2300000;50000
run_opt_test3;2300000;50000
run_opt_test3;2299976;50000
run_opt_test3;2300000;50000
Process ended
run_pgo_test2;2900039;54000
run_pgo_test2;2500035;54000
run_pgo_test2;2300023;54000
run_pgo_test2;2300000;54000
run_pgo_test2;2300000;54000
run_pgo_test2;2899970;54000
run_pgo_test2;2799971;52000
run_pgo_test2;2307907;52000
run_pgo_test2;2500000;52000
run_pgo_test2;3699962;52000
run_pgo_test2;2300000;52000
run_pgo_test2;2300000;52000
run_pgo_test2;2299976;52000
run_pgo_test2;3200000;52000
run_pgo_test2;2300023;52000
run_pgo_test2;2300000;52000
run_pgo_test2;2299976;52000
run_pgo_test2;2300023;52000
run_pgo_test2;2300000;50000
run_pgo_test2;2300000;50000
run_pgo_test2;2300000;50000
run_pgo_test2;2300023;50000
run_pgo_test2;2300000;50000
run_pgo_test2;2299976;50000
run_pgo_test2;2300023;50000
run_pgo_test2;2300046;50000
run_pgo_test2;2299976;50000
run_pgo_test2;2299976;50000
run_pgo_test2;2299976;50000
run_pgo_test2;2300023;50000
run_pgo_test2;2300000;50000
run_pgo_test2;2300000;50000
run_pgo_test2;2299976;50000
run_pgo_test2;2299976;50000
run_pgo_test2;2300000;50000
run_pgo_test2;2300000;50000
run_pgo_test2;2200000;50000
run_pgo_test2;2900000;50000
run_pgo_test2;3300033;50000
run_pgo_test2;3500000;54000
run_pgo_test2;2300000;54000
run_pgo_test2;2300000;54000
run_pgo_test2;2300000;54000
run_pgo_test2;2300000;54000
run_pgo_test2;2300000;52000
run_pgo_test2;2300023;52000
run_pgo_test2;2300000;52000
run_pgo_test2;2300023;52000
run_pgo_test2;2300000;52000
run_pgo_test2;3300033;52000
run_pgo_test2;2300000;52000
run_pgo_test2;2300000;52000
run_pgo_test2;2299976;52000
run_pgo_test2;2300000;52000
run_pgo_test2;2300000;52000
run_pgo_test2;2300000;52000
run_pgo_test2;2300023;52000
run_pgo_test2;2300000;52000
run_pgo_test2;2300023;52000
run_pgo_test2;2300000;52000
run_pgo_test2;2299976;52000
run_pgo_test2;2300000;52000
run_pgo_test2;2300000;52000
run_pgo_test2;2299976;52000
run_pgo_test2;2299976;52000
run_pgo_test2;2300000;52000
run_pgo_test2;2300000;52000
run_pgo_test2;2300000;52000
run_pgo_test2;2300000;52000
run_pgo_test2;2300000;52000
run_pgo_test2;2299953;52000
run_pgo_test2;2300000;52000
run_pgo_test2;2300023;52000
run_pgo_test2;2299976;52000
run_pgo_test2;2300000;52000
run_pgo_test2;2300046;52000
run_pgo_test2;2300000;52000
run_pgo_test2;2300000;52000
run_pgo_test2;2300000;52000
run_pgo_test2;2300000;52000
run_pgo_test2;2300000;52000
run_pgo_test2;2300023;52000
run_pgo_test2;2300000;52000
run_pgo_test2;2300000;52000
run_pgo_test2;2300000;52000
run_pgo_test2;2300000;54000
run_pgo_test2;2300000;54000
run_pgo_test2;2299976;54000
run_pgo_test2;2300000;54000
run_pgo_test2;2300000;54000
run_pgo_test2;2299976;52000
run_pgo_test2;2300000;52000
run_pgo_test2;2300000;52000
run_pgo_test2;2300000;52000
run_pgo_test2;2299976;52000
run_pgo_test2;2300023;52000
run_pgo_test2;2299976;52000
run_pgo_test2;2300000;52000
run_pgo_test2;2299976;52000
run_pgo_test2;2300000;52000
run_pgo_test2;2300023;52000
run_pgo_test2;2300023;52000
run_pgo_test2;2300000;52000
run_pgo_test2;2300000;52000
run_pgo_test2;2300000;52000
run_pgo_test2;2300000;52000
run_pgo_test2;2300023;52000
run_pgo_test2;2299976;52000
run_pgo_test2;2300000;52000
run_pgo_test2;2300000;52000
run_pgo_test2;2300023;52000
run_pgo_test2;2299976;52000
run_pgo_test2;2300000;52000
run_pgo_test2;2300000;52000
run_pgo_test2;2300000;52000
run_pgo_test2;2300000;52000
run_pgo_test2;2300000;52000
run_pgo_test2;2300000;52000
run_pgo_test2;2299976;52000
run_pgo_test2;2299976;52000
run_pgo_test2;2300000;52000
run_pgo_test2;2300000;52000
run_pgo_test2;2300000;52000
run_pgo_test2;2300000;52000
run_pgo_test2;2300000;54000
run_pgo_test2;2299976;54000
run_pgo_test2;2300023;54000
run_pgo_test2;2300000;54000
run_pgo_test2;2300000;54000
run_pgo_test2;2299976;52000
run_pgo_test2;2300000;52000
run_pgo_test2;2300000;52000
run_pgo_test2;2300000;52000
run_pgo_test2;2300000;52000
run_pgo_test2;2300000;52000
run_pgo_test2;2300000;52000
run_pgo_test2;2300000;52000
run_pgo_test2;2300000;52000
run_pgo_test2;2300000;52000
run_pgo_test2;2300000;52000
run_pgo_test2;2300023;54000
run_pgo_test2;2300000;54000
run_pgo_test2;2299976;54000
run_pgo_test2;2300023;54000
run_pgo_test2;2300000;54000
run_pgo_test2;2300000;54000
run_pgo_test2;2300000;54000
run_pgo_test2;2300023;54000
run_pgo_test2;2300000;54000
run_pgo_test2;2300023;54000
run_pgo_test2;2300023;54000
run_pgo_test2;2300000;54000
run_pgo_test2;2300023;54000
run_pgo_test2;2299976;54000
run_pgo_test2;2300000;54000
run_pgo_test2;2300000;54000
run_pgo_test2;2299976;54000
run_pgo_test2;2300023;54000
run_pgo_test2;2300023;54000
run_pgo_test2;2300023;54000
run_pgo_test2;2300000;54000
run_pgo_test2;2300000;54000
run_pgo_test2;2300000;54000
run_pgo_test2;2300000;54000
run_pgo_test2;2299976;54000
run_pgo_test2;2300023;54000
run_pgo_test2;2300000;54000
run_pgo_test2;2299976;54000
run_pgo_test2;2300000;54000
run_pgo_test2;2300000;54000
run_pgo_test2;2300000;54000
run_pgo_test2;2300023;54000
run_pgo_test2;2300000;54000
run_pgo_test2;2300023;54000
run_pgo_test2;2300023;54000
run_pgo_test2;2300000;54000
run_pgo_test2;2300023;54000
run_pgo_test2;2300023;54000
run_pgo_test2;2299976;54000
run_pgo_test2;2300023;54000
run_pgo_test2;2300000;54000
run_pgo_test2;2299976;54000
run_pgo_test2;2300000;54000
run_pgo_test2;2300000;54000
run_pgo_test2;2300023;54000
run_pgo_test2;2300000;54000
run_pgo_test2;2300000;54000
run_pgo_test2;2300000;54000
run_pgo_test2;2300000;54000
run_pgo_test2;2299976;54000
run_pgo_test2;2300000;54000
run_pgo_test2;2299976;54000
run_pgo_test2;2300000;54000
run_pgo_test2;2299976;54000
run_pgo_test2;2300000;54000
run_pgo_test2;2300000;56000
run_pgo_test2;2300000;56000
run_pgo_test2;2300000;56000
run_pgo_test2;2300000;56000
run_pgo_test2;2300000;56000
run_pgo_test2;2300000;56000
run_pgo_test2;2300046;56000
run_pgo_test2;2299976;56000
run_pgo_test2;2300000;56000
run_pgo_test2;2300000;56000
run_pgo_test2;2299976;56000
run_pgo_test2;2300023;56000
run_pgo_test2;2300023;56000
run_pgo_test2;2300000;56000
run_pgo_test2;2300000;56000
run_pgo_test2;2300000;56000
run_pgo_test2;2299976;56000
run_pgo_test2;2300000;56000
run_pgo_test2;2299976;56000
run_pgo_test2;2300023;56000
run_pgo_test2;2300000;56000
run_pgo_test2;2300000;56000
run_pgo_test2;2300000;54000
run_pgo_test2;2299976;54000
run_pgo_test2;2300023;54000
run_pgo_test2;2300000;54000
run_pgo_test2;2299976;54000
run_pgo_test2;2300023;54000
run_pgo_test2;2299976;54000
run_pgo_test2;2299976;54000
run_pgo_test2;2300000;54000
run_pgo_test2;2300000;54000
run_pgo_test2;2299976;54000
run_pgo_test2;2300000;54000
run_pgo_test2;2300000;54000
run_pgo_test2;2300000;54000
run_pgo_test2;2300000;54000
run_pgo_test2;2300000;54000
run_pgo_test2;2300000;54000
run_pgo_test2;2300000;54000
run_pgo_test2;2300000;54000
run_pgo_test2;2300000;54000
run_pgo_test2;2300023;54000
run_pgo_test2;2300000;54000
run_pgo_test2;2300023;54000
run_pgo_test2;2300023;52000
run_pgo_test2;2300000;52000
run_pgo_test2;2300023;52000
Process ended
run_pgo_test2;2699962;56000
run_pgo_test2;2600000;56000
run_pgo_test2;2300023;56000
run_pgo_test2;2300000;56000
run_pgo_test2;2300000;56000
run_pgo_test2;2300000;52000
run_pgo_test2;2300000;52000
run_pgo_test2;2300000;52000
run_pgo_test2;2300000;52000
run_pgo_test2;2300000;52000
run_pgo_test2;2300000;52000
run_pgo_test2;2300000;52000
run_pgo_test2;2300000;52000
run_pgo_test2;2300000;52000
run_pgo_test2;2300000;52000
run_pgo_test2;2300023;52000
run_pgo_test2;2300000;52000
run_pgo_test2;2300000;52000
run_pgo_test2;2300000;52000
run_pgo_test2;2300000;52000
run_pgo_test2;2300000;52000
run_pgo_test2;2300000;52000
run_pgo_test2;2300000;52000
run_pgo_test2;2300000;52000
run_pgo_test2;2300000;52000
run_pgo_test2;2300000;52000
run_pgo_test2;2300000;52000
run_pgo_test2;2299976;52000
run_pgo_test2;2300000;52000
run_pgo_test2;2300000;52000
run_pgo_test2;2300000;52000
run_pgo_test2;2300000;52000
run_pgo_test2;2300000;52000
run_pgo_test2;2300000;52000
run_pgo_test2;2299976;52000
run_pgo_test2;2300000;52000
run_pgo_test2;2300000;52000
run_pgo_test2;2300000;52000
run_pgo_test2;2300000;52000
run_pgo_test2;2300000;52000
run_pgo_test2;2300000;52000
run_pgo_test2;2300000;52000
run_pgo_test2;2300000;52000
run_pgo_test2;2300000;52000
run_pgo_test2;2300000;52000
run_pgo_test2;2299976;52000
run_pgo_test2;2300000;52000
run_pgo_test2;2300000;52000
run_pgo_test2;2300000;52000
run_pgo_test2;2300000;52000
run_pgo_test2;2300000;52000
run_pgo_test2;2300000;52000
run_pgo_test2;2299976;52000
run_pgo_test2;2300000;52000
run_pgo_test2;2299976;52000
run_pgo_test2;2300000;52000
run_pgo_test2;2300000;52000
run_pgo_test2;2300000;52000
run_pgo_test2;2300000;52000
run_pgo_test2;2300000;52000
run_pgo_test2;2300000;52000
run_pgo_test2;2300023;52000
run_pgo_test2;2300023;52000
run_pgo_test2;2299976;52000
run_pgo_test2;2299976;52000
run_pgo_test2;2300000;52000
run_pgo_test2;2300000;52000
run_pgo_test2;2899970;52000
run_pgo_test2;3400000;52000
run_pgo_test2;3400000;52000
run_pgo_test2;2900000;52000
run_pgo_test2;2300000;52000
run_pgo_test2;2300000;52000
run_pgo_test2;2300000;52000
run_pgo_test2;2300000;52000
run_pgo_test2;2300000;52000
run_pgo_test2;2300000;52000
run_pgo_test2;2299976;52000
run_pgo_test2;2300023;52000
run_pgo_test2;3200000;52000
run_pgo_test2;2899970;52000
run_pgo_test2;2900029;52000
run_pgo_test2;2999969;52000
run_pgo_test2;2900000;52000
run_pgo_test2;3500000;52000
run_pgo_test2;3300000;52000
run_pgo_test2;2300000;52000
run_pgo_test2;2300000;52000
run_pgo_test2;2300000;52000
run_pgo_test2;2300023;52000
run_pgo_test2;2300000;52000
run_pgo_test2;2300000;52000
run_pgo_test2;2300023;52000
run_pgo_test2;2299976;52000
run_pgo_test2;3100031;52000
run_pgo_test2;3600000;52000
run_pgo_test2;2300023;52000
run_pgo_test2;2300023;52000
run_pgo_test2;2300000;52000
run_pgo_test2;2300023;52000
run_pgo_test2;2300000;52000
run_pgo_test2;2300000;52000
run_pgo_test2;2300000;52000
run_pgo_test2;2300000;52000
run_pgo_test2;2299976;52000
run_pgo_test2;2300000;50000
run_pgo_test2;2300023;50000
run_pgo_test2;2300000;50000
run_pgo_test2;2299976;50000
run_pgo_test2;2300000;50000
run_pgo_test2;2299976;50000
run_pgo_test2;2300023;50000
run_pgo_test2;2300000;50000
run_pgo_test2;2299976;50000
run_pgo_test2;2300000;50000
run_pgo_test2;2300000;52000
run_pgo_test2;2300000;52000
run_pgo_test2;2300000;52000
run_pgo_test2;2300023;52000
run_pgo_test2;2300000;52000
run_pgo_test2;2300000;52000
run_pgo_test2;2300023;52000
run_pgo_test2;2300023;52000
run_pgo_test2;2300000;52000
run_pgo_test2;2300000;52000
run_pgo_test2;2300000;52000
run_pgo_test2;2300023;50000
run_pgo_test2;2300000;50000
run_pgo_test2;2300000;50000
run_pgo_test2;2300000;50000
run_pgo_test2;2300023;50000
run_pgo_test2;2299976;50000
run_pgo_test2;2300000;50000
run_pgo_test2;2299976;50000
run_pgo_test2;2300000;50000
run_pgo_test2;2299976;50000
run_pgo_test2;2300000;50000
run_pgo_test2;2300000;50000
run_pgo_test2;2299976;50000
run_pgo_test2;2300000;50000
run_pgo_test2;2299976;50000
run_pgo_test2;2300000;50000
run_pgo_test2;2300000;52000
run_pgo_test2;2300000;52000
run_pgo_test2;2300000;52000
run_pgo_test2;2299976;52000
run_pgo_test2;2300000;52000
run_pgo_test2;2300000;52000
run_pgo_test2;2300000;52000
run_pgo_test2;2300000;52000
run_pgo_test2;2300000;52000
run_pgo_test2;2299976;52000
run_pgo_test2;2300000;50000
run_pgo_test2;2300000;50000
run_pgo_test2;2300000;50000
run_pgo_test2;2300000;50000
run_pgo_test2;2300023;50000
run_pgo_test2;2300023;50000
run_pgo_test2;2300023;50000
run_pgo_test2;2300000;50000
run_pgo_test2;2300000;50000
run_pgo_test2;2300000;50000
run_pgo_test2;2300000;50000
run_pgo_test2;2300000;50000
run_pgo_test2;2300000;50000
run_pgo_test2;2300000;50000
run_pgo_test2;2300000;50000
run_pgo_test2;2300000;50000
run_pgo_test2;2300000;50000
run_pgo_test2;2300000;50000
run_pgo_test2;2300000;50000
run_pgo_test2;2300023;50000
run_pgo_test2;2300000;50000
run_pgo_test2;2299976;50000
run_pgo_test2;2300000;50000
run_pgo_test2;2300000;50000
run_pgo_test2;2300000;50000
run_pgo_test2;2300000;50000
run_pgo_test2;2299976;50000
run_pgo_test2;2300000;50000
run_pgo_test2;2300000;50000
run_pgo_test2;2300000;50000
run_pgo_test2;2300000;50000
run_pgo_test2;2300023;50000
run_pgo_test2;2299976;50000
run_pgo_test2;2299976;50000
run_pgo_test2;2300023;50000
run_pgo_test2;2300000;50000
run_pgo_test2;2300000;50000
run_pgo_test2;2300000;50000
run_pgo_test2;2300000;50000
run_pgo_test2;2300000;50000
run_pgo_test2;2300023;50000
run_pgo_test2;2300000;50000
run_pgo_test2;2300000;50000
run_pgo_test2;2300000;50000
run_pgo_test2;2300023;50000
run_pgo_test2;2300000;50000
run_pgo_test2;2300023;50000
run_pgo_test2;2300000;50000
run_pgo_test2;2300000;50000
run_pgo_test2;2300000;50000
run_pgo_test2;2300000;50000
run_pgo_test2;2300000;50000
run_pgo_test2;2300000;50000
run_pgo_test2;2300000;50000
run_pgo_test2;2300000;50000
run_pgo_test2;2300000;50000
run_pgo_test2;2300000;50000
run_pgo_test2;2300023;50000
run_pgo_test2;2300000;50000
run_pgo_test2;2300000;52000
run_pgo_test2;2300000;52000
run_pgo_test2;2300000;52000
run_pgo_test2;2300000;52000
run_pgo_test2;2300000;52000
run_pgo_test2;2300000;50000
run_pgo_test2;2300000;50000
run_pgo_test2;2300000;50000
run_pgo_test2;2300000;50000
run_pgo_test2;2300000;50000
run_pgo_test2;2300023;50000
run_pgo_test2;2300023;50000
run_pgo_test2;2300000;50000
run_pgo_test2;2300000;50000
run_pgo_test2;2300000;50000
run_pgo_test2;2299976;50000
run_pgo_test2;2300000;48000
run_pgo_test2;2299976;48000
run_pgo_test2;2299976;48000
run_pgo_test2;2299976;48000
run_pgo_test2;2300000;48000
run_pgo_test2;2299976;48000
run_pgo_test2;2300023;50000
run_pgo_test2;2300000;50000
run_pgo_test2;2300000;50000
run_pgo_test2;2300000;50000
run_pgo_test2;2300000;50000
run_pgo_test2;2300023;50000
Process ended
run_pgo_test2;3000000;60000
run_pgo_test2;2500000;60000
run_pgo_test2;2499964;60000
run_pgo_test2;2500000;60000
run_pgo_test2;2300023;60000
run_pgo_test2;2299976;60000
run_pgo_test2;2299976;50000
run_pgo_test2;2300000;50000
run_pgo_test2;2300023;50000
run_pgo_test2;2300023;50000
run_pgo_test2;2299976;50000
run_pgo_test2;2299976;50000
run_pgo_test2;2300000;50000
run_pgo_test2;2300023;50000
run_pgo_test2;2300000;50000
run_pgo_test2;2300000;50000
run_pgo_test2;2300023;50000
run_pgo_test2;2300000;50000
run_pgo_test2;2300000;50000
run_pgo_test2;2300000;50000
run_pgo_test2;2299976;50000
run_pgo_test2;2299976;50000
run_pgo_test2;2300000;50000
run_pgo_test2;2300000;50000
run_pgo_test2;2299976;50000
run_pgo_test2;2300000;50000
run_pgo_test2;2300023;50000
run_pgo_test2;2300023;50000
run_pgo_test2;2300000;50000
run_pgo_test2;2300023;50000
run_pgo_test2;2300000;50000
run_pgo_test2;2299976;50000
run_pgo_test2;2300000;50000
run_pgo_test2;2300000;50000
run_pgo_test2;2299976;50000
run_pgo_test2;2299976;50000
run_pgo_test2;2299976;50000
run_pgo_test2;2300000;50000
run_pgo_test2;2299976;50000
run_pgo_test2;2300000;50000
run_pgo_test2;2300000;50000
run_pgo_test2;2300000;50000
run_pgo_test2;2300000;50000
run_pgo_test2;2300023;50000
run_pgo_test2;2299976;50000
run_pgo_test2;2300023;50000
run_pgo_test2;2300023;50000
run_pgo_test2;2300000;50000
run_pgo_test2;2300000;50000
run_pgo_test2;2300000;50000
run_pgo_test2;2299976;50000
run_pgo_test2;2300000;50000
run_pgo_test2;2300000;50000
run_pgo_test2;2300000;50000
run_pgo_test2;2300000;50000
run_pgo_test2;2300000;50000
run_pgo_test2;2300023;50000
run_pgo_test2;2300000;50000
run_pgo_test2;2300000;50000
run_pgo_test2;2300000;48000
run_pgo_test2;2300000;48000
run_pgo_test2;2300023;48000
run_pgo_test2;2299976;48000
run_pgo_test2;2300000;48000
run_pgo_test2;2299976;50000
run_pgo_test2;2300023;50000
run_pgo_test2;2299976;50000
run_pgo_test2;2300000;50000
run_pgo_test2;2300000;50000
run_pgo_test2;2300000;50000
run_pgo_test2;2300000;48000
run_pgo_test2;2300023;48000
run_pgo_test2;2300000;48000
run_pgo_test2;2300000;48000
run_pgo_test2;2300000;48000
run_pgo_test2;2300000;48000
run_pgo_test2;2300000;48000
run_pgo_test2;2300000;48000
run_pgo_test2;2300000;48000
run_pgo_test2;2300000;48000
run_pgo_test2;2300000;50000
run_pgo_test2;2300000;50000
run_pgo_test2;2300000;50000
run_pgo_test2;2300000;50000
run_pgo_test2;2300000;50000
run_pgo_test2;2300000;50000
run_pgo_test2;2300000;48000
run_pgo_test2;2300000;48000
run_pgo_test2;2300000;48000
run_pgo_test2;2299976;48000
run_pgo_test2;2300000;48000
run_pgo_test2;2299976;48000
run_pgo_test2;2300000;50000
run_pgo_test2;2300000;50000
run_pgo_test2;2300000;50000
run_pgo_test2;2299976;50000
run_pgo_test2;2300000;50000
run_pgo_test2;2300023;48000
run_pgo_test2;2300000;48000
run_pgo_test2;2299976;48000
run_pgo_test2;2300000;48000
run_pgo_test2;2300000;48000
run_pgo_test2;2300000;50000
run_pgo_test2;2299976;50000
run_pgo_test2;2299976;50000
run_pgo_test2;2300000;50000
run_pgo_test2;2300000;50000
run_pgo_test2;2300046;50000
run_pgo_test2;2300000;50000
run_pgo_test2;2300023;50000
run_pgo_test2;2300000;50000
run_pgo_test2;2300000;50000
run_pgo_test2;2300000;50000
run_pgo_test2;2300023;50000
run_pgo_test2;2300000;50000
run_pgo_test2;2300000;50000
run_pgo_test2;2300000;50000
run_pgo_test2;2300000;50000
run_pgo_test2;2300000;48000
run_pgo_test2;2300000;48000
run_pgo_test2;2299976;48000
run_pgo_test2;2300000;48000
run_pgo_test2;2300023;48000
run_pgo_test2;2300023;48000
run_pgo_test2;2299976;50000
run_pgo_test2;2300000;50000
run_pgo_test2;2300000;50000
run_pgo_test2;2300000;50000
run_pgo_test2;2300000;50000
run_pgo_test2;2300000;50000
run_pgo_test2;2299976;48000
run_pgo_test2;2300046;48000
run_pgo_test2;2300023;48000
run_pgo_test2;2300000;48000
run_pgo_test2;2300000;48000
run_pgo_test2;2299976;50000
run_pgo_test2;2300023;50000
run_pgo_test2;2299976;50000
run_pgo_test2;2300000;50000
run_pgo_test2;2300000;50000
run_pgo_test2;2300000;50000
run_pgo_test2;2300000;50000
run_pgo_test2;2300000;50000
run_pgo_test2;2300000;50000
run_pgo_test2;2300000;50000
run_pgo_test2;2299976;50000
run_pgo_test2;2299976;50000
run_pgo_test2;2300000;50000
run_pgo_test2;2300023;50000
run_pgo_test2;2300000;50000
run_pgo_test2;2300000;50000
run_pgo_test2;2300000;48000
run_pgo_test2;2300000;48000
run_pgo_test2;2300000;48000
run_pgo_test2;2300000;48000
run_pgo_test2;2300000;48000
run_pgo_test2;2300023;48000
run_pgo_test2;2300000;48000
run_pgo_test2;2300000;48000
run_pgo_test2;2300023;48000
run_pgo_test2;2300000;48000
run_pgo_test2;2300000;48000
run_pgo_test2;2300023;48000
run_pgo_test2;2300000;50000
run_pgo_test2;2300000;50000
run_pgo_test2;2300023;50000
run_pgo_test2;2300000;50000
run_pgo_test2;2300000;50000
run_pgo_test2;2299976;50000
run_pgo_test2;2300000;50000
run_pgo_test2;2300000;50000
run_pgo_test2;2300023;50000
run_pgo_test2;2300000;50000
run_pgo_test2;2300000;48000
run_pgo_test2;2300000;48000
run_pgo_test2;2300000;48000
run_pgo_test2;2300000;48000
run_pgo_test2;2299976;48000
run_pgo_test2;2300023;48000
run_pgo_test2;2300000;48000
run_pgo_test2;2300000;48000
run_pgo_test2;2300000;48000
run_pgo_test2;2300000;48000
run_pgo_test2;2300000;48000
run_pgo_test2;2300000;50000
run_pgo_test2;2300000;50000
run_pgo_test2;2300000;50000
run_pgo_test2;2300000;50000
run_pgo_test2;2300000;50000
run_pgo_test2;2300000;50000
run_pgo_test2;2300000;48000
run_pgo_test2;2300023;48000
run_pgo_test2;2300023;48000
run_pgo_test2;2300000;48000
run_pgo_test2;2300000;48000
run_pgo_test2;2300000;48000
run_pgo_test2;2300023;48000
run_pgo_test2;2300000;48000
run_pgo_test2;2299976;48000
run_pgo_test2;2299976;48000
run_pgo_test2;2300000;48000
run_pgo_test2;2300000;50000
run_pgo_test2;2300000;50000
run_pgo_test2;2300000;50000
run_pgo_test2;2299976;50000
run_pgo_test2;2300000;50000
run_pgo_test2;2300023;50000
run_pgo_test2;2300000;48000
run_pgo_test2;2299976;48000
run_pgo_test2;2300000;48000
run_pgo_test2;2300000;48000
run_pgo_test2;2299976;48000
run_pgo_test2;2300000;48000
run_pgo_test2;2300000;48000
run_pgo_test2;2300000;48000
run_pgo_test2;2300000;48000
run_pgo_test2;2300000;48000
run_pgo_test2;2300000;48000
run_pgo_test2;2300000;48000
run_pgo_test2;2300000;48000
run_pgo_test2;2300000;48000
run_pgo_test2;2299976;48000
run_pgo_test2;2300023;50000
run_pgo_test2;2300000;50000
run_pgo_test2;2300000;50000
run_pgo_test2;2300000;50000
run_pgo_test2;2300023;50000
run_pgo_test2;2300000;50000
run_pgo_test2;2300023;48000
run_pgo_test2;2300000;48000
run_pgo_test2;2300000;48000
run_pgo_test2;2299976;48000
run_pgo_test2;2300000;48000
run_pgo_test2;2299976;48000
run_pgo_test2;2300000;48000
run_pgo_test2;2300000;48000
run_pgo_test2;2300000;48000
run_pgo_test2;2299976;48000
run_pgo_test2;2300023;48000
run_pgo_test2;2300023;50000
run_pgo_test2;2300000;50000
run_pgo_test2;2300000;50000
Process ended
